Graph Number,Average Node Degree,Unique Degree Count,Degree Centrality,Assortivity Coefficient,Clustering Coefficient,Density,Number of Weakly Connected Components,Number of Strongly Connected Components,Number of Nodes,Number of Edges,Eigenvalue_1,Eigenvalue_2,Eigenvalue_3,Eigenvalue_4,Eigenvalue_5,Kernel Distance
0,0.0,6,-2.168404344971009e-19,-0.00030257193719417097,0.0003272205502075076,0.0,148,-14,0,0,-1.7779104496827172,-1.9262015341741225,3.702849818603066,0.19693093566288455,-3.547015731981652,3337214.2857142873
0,0.0,3,-2.168404344971009e-19,0.00610649056830663,-0.011292999915914988,0.0,138,9,0,0,-1.31198634400116,-1.4404215608760271,-0.824423017634264,-3.675274277650389,-0.02140323568941538,1945873.9999999998
0,0.0,5,2.168404344971009e-19,-0.026988036509702315,-0.008350804372234677,0.0,259,11,0,0,-1.2373536064594002,-1.6101592909340599,-0.2754186155198415,0.33217592049679356,-0.3674505842503333,8055578.857142861
0,0.0,5,0.0,-0.07951789520793195,-0.01021292491391499,0.0,300,18,0,0,-3.510149205617993,-6.793298636800715,-0.02057811607605653,0.09363068533386976,-0.05175791919586792,18497373.2857143
0,0.0,8,2.168404344971009e-19,-0.09341119857254312,-0.022651222021731282,0.0,390,32,0,0,-3.439738632297834,-0.39855058069529603,-3.6078906706246814,-0.3049098802967196,0.2502391963213366,14617676.571428578
0,0.0,8,4.336808689942018e-19,-0.311119810412516,-0.017622119451911597,0.0,382,-11,0,0,-4.711581255777151,0.1515261212078154,1.02002308191979,-4.253572044444469,4.006405632895921,30398819.761904787
0,0.0,15,-2.168404344971009e-19,-0.3317451276672286,-0.0059242537553985675,0.0,397,-72,0,0,-3.9917928034619425,-6.037343287334247,2.1125222980993534,4.107480487787434,-3.3965326455603426,9813494.285714291
0,0.0,10,0.0,-0.2799265043071262,-0.008274051017995943,0.0,361,9,0,0,-4.914301981822201,1.3322453925779367,-4.160206184977119,0.9241382074773168,-0.4855341586816537,12781139.333333343
0,0.0,9,-4.336808689942018e-19,-0.30412634882160916,-0.0013670790927178822,0.0,270,9,0,0,-5.339262631858731,0.6485938807572611,0.43640967602162295,-3.662914548356791,0.04696593585372422,17864318.952380963
0,0.0,9,0.0,-0.295071292087767,-0.00338921247425282,0.0,312,35,0,0,-6.333144734454794,-0.2149350446422278,-3.1723912983462994,-2.775762929904249,-0.13823967077688137,21699092.000000015
0,0.0,11,2.168404344971009e-19,-0.2685151812213235,0.006318669942589259,0.0,416,36,0,0,-0.8086389925204989,3.6672690255136793,-0.09282815983413317,-3.1415349824999472,-2.8950200038389466,26995342.428571448
0,0.0,8,-2.168404344971009e-19,-0.35914080975837176,0.0012731363324912474,0.0,334,23,0,0,-0.41425728287152097,3.7650652678973433,0.2995841525749525,2.8157739589117305,-2.81577395891173,34024667.52380955
0,0.0,10,-2.168404344971009e-19,-0.47420303888979976,-0.001741985356752948,0.0,374,-81,0,0,0.27286027831376725,-5.307618183610934,1.3895297561860664,0.11095694055210692,-2.9371955649680643,22566098.95238097
0,0.0,11,0.0,-0.4233735327492205,-0.004565857926990258,0.0,488,-9,0,0,-0.022738120116867044,-5.921250858509538,1.4784479040973764,0.6339001913252185,-0.27329665057642427,18158729.190476205
0,0.0,13,-2.168404344971009e-19,-0.3652319338889221,-0.004643370293002859,0.0,558,-13,0,0,-0.024074917967608744,-5.709728710931648,1.0714293611291552,1.061706300046271,0.7262595372342429,27850054.142857168
0,0.0,10,0.0,-0.3014584094291652,-0.0018280550057733422,0.0,554,13,0,0,2.078767317304185,-5.896121338328137,5.225841622713471,1.1317021885046525,-3.427491742713643,60360444.85714292
0,0.0,12,-2.168404344971009e-19,-0.3721961625108393,0.0005088879626766636,0.0,618,49,0,0,1.7234985081661849,1.0471760918007076,-3.6333279450742393,3.279841915876239,-3.2499013870688085,24602933.76190478
0,0.0,7,2.168404344971009e-19,-0.3611835161693874,0.0031519343326606927,0.0,403,53,0,0,2.796593394855425,-4.177148491462896,0.5233713387259917,-3.3792855644059054,-2.9572249735494327,112469505.95238106
0,0.0,4,-2.168404344971009e-19,-0.29519197500771527,-0.005281028323623427,0.0,379,47,0,0,4.034365604466781,-4.437591685378903,-3.1831134431163117,2.9490631654525243,-0.33427022294801034,78052184.14285722
0,0.0,7,2.168404344971009e-19,-0.3136847254744515,-0.01011076020889156,0.0,366,0,0,0,1.0296330618627154,0.7048745687932074,0.04711014348280007,3.163320273005035,-2.9990099021645085,95171542.904762
0,0.0,11,0.0,-0.4280951699318056,-0.005626043467657039,0.0,623,-26,0,0,1.455267516772651,1.240416075905177,-4.943850812014692,4.130194111671984,-3.692865072282893,23168590.761904776
0,0.0,11,-2.168404344971009e-19,-0.4145974552329543,0.017717599925368907,0.0,474,-39,0,0,1.383449977439596,0.6796938338037313,-4.518226270658882,1.1700423984532535,-0.15345168478010418,40191115.00000004
0,0.0,12,0.0,-0.43397757717225194,-0.0078274054711092,0.0,640,-7,0,0,1.3004038704569023,1.2406136715141138,4.901766022353439,-4.569173326023321,-0.6427588449486006,60783943.42857149
0,0.0,5,0.0,-0.24420467157033907,-0.004523916449670463,0.0,316,53,0,0,-1.1417324213409878,-3.2274511708339286,0.6928683600138289,-0.6357714781970762,2.3652020504937363,108508957.28571439
0,0.0,5,0.0,-0.39246368053502567,-0.0045514346602620465,0.0,327,54,0,0,-0.06298117399030545,-0.13865850173309413,-1.3260576103564983,-2.2125270981207716,-1.1589857310623117,44145110.238095276
0,0.0,-3,2.168404344971009e-19,-0.2606120363307645,-0.014254358491584813,0.0,290,61,0,0,-1.9127980385505243,-2.3849788861361545,-2.0018812496316567,1.8608058531117035,-1.7692923542386354,149498338.71428585
0,0.0,1,-2.168404344971009e-19,-0.34950188587731107,-0.0017147353571284815,0.0,260,60,0,0,-2.951657072157085,-0.8969158952110194,-2.50571549450461,-1.0656220682784296,2.126053007326775,107691473.66666676
0,0.0,-5,-2.168404344971009e-19,-0.2315884311847752,-0.03036196104358284,0.0,193,53,0,0,-2.9643011906439423,-0.6537327981059528,-2.4619579527264563,-0.6902337809377035,-1.8090942303586113,120466609.76190488
0,0.0,-2,2.168404344971009e-19,-0.12473728840907136,0.02387132362280591,0.0,221,56,0,0,-2.751860658550296,-0.8661733301996063,-0.9211190254798515,-2.217916867487008,0.8942628711081214,124997774.1904763
0,0.0,-2,2.168404344971009e-19,-0.2113949676444664,0.010395553604744819,0.0,242,56,0,0,-1.3907686817360687,-1.488813355855077,-2.3589457091674975,2.325391139060023,-2.0956660627873527,116130012.14285725
0,0.0,-4,0.0,-0.008362804336757894,-0.02540563560838631,0.0,176,58,0,0,-1.4925472237073816,-2.447845439953284,1.8824034536676615,-1.8824034536676602,-1.6180339887498922,127157809.80952394
0,0.0,-2,0.0,-0.17674122909947582,-0.010578129972185137,0.0,149,50,0,0,-1.6017199248516678,-2.759187597266415,0.6827568873120126,-0.9398833539438249,1.6237378981778459,141139356.00000015
0,0.0,-1,0.0,-0.05389084902284241,0.027253956660300813,0.0,172,49,0,0,-1.4932508577811603,-3.238799949787718,1.1496490246822235,-1.0356322058632423,-1.1744029790962098,150216782.90476203
0,0.0,-2,0.0,-0.18048276228699103,0.032664030464159846,0.0,78,51,0,0,-3.511058802962101,-1.2908789328427421,-1.2891509508982577,1.2891509508982573,1.6614723043975104,129183401.38095249
0,0.0,0,2.168404344971009e-19,-0.11561245725636363,-0.017683719997518443,0.0,51,54,0,0,-3.6779441496740253,-0.843435557130541,1.4142135623730951,-1.414213562373095,-1.4142135623730947,139186059.6666668
0,0.0,0,0.0,-0.1662913930673925,0.050643742765478186,0.0,70,48,0,0,-2.0638388641977112,-2.280754629804491,-2.129496264315754,1.116638724400346,-0.9128182980235506,107360683.904762
0,0.0,-1,0.0,-0.10868951005500053,0.029260762969461042,0.0,74,54,0,0,-2.3554195694776623,-1.4138727847609784,-1.1033781599615393,1.1033781599615382,-1.414213562373095,129283533.33333346
0,0.0,-6,-2.168404344971009e-19,-0.030975080393663732,0.017432684602257772,0.0,26,47,0,0,-0.13522276309173997,-3.0996408230236607,1.971594854609275,-1.971594854609274,-1.0000000051226094,124268490.00000012
0,0.0,-5,-2.168404344971009e-19,0.02769936828542077,0.00395665348407814,0.0,17,55,0,0,-1.5056355865669007,-1.9917836437548104,1.5320888862379554,-1.465571231876767,-1.4142135623731018,115301393.61904772
0,0.0,-1,0.0,-0.04263653242649234,-0.01241189337790744,0.0,-14,49,0,0,0.7244337573829431,-3.9605036510206455,-1.618033988749896,-1.618032072611975,-1.4142135623731003,97595532.38095248
0,0.0,-6,2.168404344971009e-19,-0.5893243257936535,-0.021506228336901103,0.0,147,50,0,0,-2.4142135623730945,1.7320508075688787,-1.7320508075688772,-1.6180339887498922,1.414213562373097,108986742.80952391
0,0.0,-2,-2.168404344971009e-19,0.043547798049869094,0.007440347306171543,0.0,-19,55,0,0,-2.4142135623730936,-1.87938524157181,-1.732050834338583,1.7320508265611498,1.7320507885766063,100419345.6190477
0,0.0,-5,4.336808689942018e-19,0.0659803279060273,0.05807410701263088,0.0,96,57,0,0,-1.1506567010810504,-3.5626674903789572,2.34792475192498,-2.209056750555089,-1.7320508075688783,146936956.52380964
0,0.0,-6,2.168404344971009e-19,0.1158668265705016,0.02103603150207806,0.0,9,58,0,0,-1.0821291425913702,-3.615259648562666,1.198431865658188,-1.0720137104975591,1.730379830490192,153324368.57142872
0,0.0,-5,0.0,0.11231443261484438,-0.0034379448339701586,0.0,36,56,0,0,-2.012158303036188,-2.0433400021296175,1.849524823943431,1.7320508075688796,-1.732050807568879,133319126.71428585
0,0.0,0,-2.168404344971009e-19,-0.4164486732378067,0.08083619194169964,0.0,213,47,0,0,-0.6565913416340166,0.6758911066494457,-1.4538281494755125,1.4538281494755114,-1.6954081992829175,135723509.1904763
0,0.0,11,0.0,-0.4838070005295687,0.11929435009015787,0.0,495,40,0,0,0.23358281285841453,-0.5756405870466916,0.6121759267466127,-2.8966844609128293,-2.881656648639451,116237788.76190487
0,0.0,7,0.0,-0.38615045503982937,0.039460359484810255,0.0,256,30,0,0,1.3112761360437766,-4.152298937780596,-3.8843497453494757,2.741508584104854,-0.6626630364758959,111742016.04761915
0,0.0,6,0.0,-0.3751278053447698,0.06182579397406078,0.0,137,20,0,0,0.8511653871683404,-3.6051274861401006,0.34428709608850516,-0.7567765957992076,-0.7558011602725232,127803094.1904763
0,0.0,6,0.0,-0.5450784193719119,0.07070099973645678,0.0,318,23,0,0,0.8717298120325427,-3.7437984818201917,-0.601686308332591,-2.8810632616365486,0.2181650312053689,116102093.57142869
0,0.0,0,2.168404344971009e-19,-0.17031795351853724,0.09066487480371463,0.0,72,53,0,0,-1.1188652751424597,-2.525610605741795,-2.525610605741794,-1.7692923542386347,-1.6180339887498931,107357947.71428582
0,0.0,3,2.168404344971009e-19,-0.20628542183809703,0.05805122960345328,0.0,20,59,0,0,-3.043937196022306,-2.126149290603734,-2.0000000000000018,-1.7692923542386336,1.73205080756888,106425056.95238104
0,0.0,9,0.0,-0.3386928898812601,0.10629774613664758,0.0,291,48,0,0,-2.5047262276433555,-2.6653602589826777,-2.462786629546632,-1.1552473592032604,1.7844852632179926,53008852.71428576
0,0.0,11,0.0,-0.4306605571067645,0.04946439113472796,0.0,279,37,0,0,-5.406748094092837,0.4067480940928345,-2.8059651008980997,-0.22628245022489435,2.4683628705247713,67112914.28571433
0,0.0,4,2.168404344971009e-19,-0.08200113750293246,0.010337552824113312,0.0,92,44,0,0,-4.8342185723667,3.5662693799355765,-1.2259273614799222,-2.124157434838848,1.4142135623730963,71054330.47619054
0,0.0,5,2.168404344971009e-19,-0.3462185666623907,0.026349312655104682,0.0,93,47,0,0,-4.663882324089442,-0.06816848347943871,1.1327237666113819,-1.0187069477923996,-1.4998178843106065,105254916.71428579
0,0.0,2,2.168404344971009e-19,-0.046660344185625105,0.027767464037975902,0.0,16,52,0,0,-3.305890021466859,-0.30554602767384065,1.4335015687316521,-1.3194847499126745,1.532088886237957,103131763.904762
0,0.0,1,2.168404344971009e-19,-0.024040764602841925,0.02826825455201183,0.0,21,48,0,0,-1.138534471570129,0.9301926154783358,-1.6073928847812071,-1.7426919115375625,1.4142135623730958,92536964.28571437
0,0.0,3,-2.168404344971009e-19,-0.3045109405895643,0.025693941161695356,0.0,86,46,0,0,-1.234069817528838,0.6103252267233135,-1.545885389359241,1.228048144163464,-1.3137634385701387,92594088.19047627
0,0.0,4,-2.168404344971009e-19,-0.10033514441066137,0.01849991302876443,0.0,37,45,0,0,-2.326432309670194,1.3848504736688811,-1.4142135623730967,1.4142135623730954,1.4142135623730954,106084400.76190485
0,0.0,1,2.168404344971009e-19,-0.01883146112266004,0.02539173842403099,0.0,25,38,0,0,-1.6147911105905859,1.0886120093030123,1.4142135623730965,1.4142135623730951,-1.414213562373095,92308148.23809531
0,0.0,1,0.0,0.01430406968775888,-0.011633770615992255,0.0,-23,42,0,0,-2.5542416570496544,-1.6180339887498965,1.4142135623730963,1.4142135623730954,-1.4142135623730951,102767986.80952391
0,0.0,3,-2.168404344971009e-19,0.015225855416144645,-0.010159827190911595,0.0,-16,41,0,0,-1.6945614467304613,-1.9380574345727533,1.4142135623730991,-1.4142135623730931,-1.000000006720391,77329806.04761912
0,0.0,4,2.168404344971009e-19,0.02704092198721625,0.03307289681816188,0.0,51,44,0,0,0.44320852659202314,-2.7142468315254544,0.3180007195975416,-1.414213562373095,-1.3247179572447485,92729693.6190477
0,0.0,4,2.168404344971009e-19,0.01685321130870236,0.031666916004329096,0.0,64,43,0,0,0.3305232375950802,-3.29830586034951,1.2819370805483417,-1.3948354000936365,1.4335917246525474,76815453.85714293
0,0.0,3,0.0,-0.1577386746894431,0.02337987337397687,0.0,61,38,0,0,-0.1304648779701234,0.22462053528906822,-2.418552705268092,-0.5321918484423067,1.2385549076415607,78888709.5238096
0,0.0,4,4.336808689942018e-19,-0.14197452047500564,0.01838171769179035,0.0,87,38,0,0,-0.9387192703106477,0.5891274766456644,-2.2916211706211205,2.0726095142867234,-1.4313965500006145,82590774.71428579
0,0.0,3,-2.168404344971009e-19,-0.1380178721211479,0.028681020342607926,0.0,105,41,0,0,-0.22990155578738825,0.8481612812013642,-2.2281581582462437,0.9297659041181262,-0.9379014600357535,102006402.14285722
0,0.0,0,0.0,-0.013299493815923803,0.1425300302658586,0.0,284,42,0,0,-0.3937314300620838,0.7651316738219036,0.9562697664031672,-1.3112292486371466,-1.6344747502757324,95518486.14285721
0,0.0,1,-2.168404344971009e-19,-0.05086462250130971,0.0951452866135457,0.0,165,50,0,0,-1.7924863780022182,0.6836684513220297,-2.2818287717149692,2.2302667793233066,1.4876079087810907,134004867.80952393
0,0.0,5,0.0,-0.2580234372762052,0.08681929822321222,0.0,346,58,0,0,-2.569946623399497,1.3911254579304302,-1.9021130325903008,1.732050807568879,-1.7320508075688765,93224214.14285721
0,0.0,2,0.0,-0.049359626913295436,0.08085153406241152,0.0,139,58,0,0,-2.367907240997611,-2.276160031172188,1.4538625679826516,2.0102390471551073,-1.8165096645731387,126234983.1904763
0,0.0,-2,2.168404344971009e-19,-0.06962701145804216,0.07957083295703761,0.0,163,56,0,0,-0.5463212932160983,-3.020216956351997,-3.020216956351997,1.7737660274413711,1.7320530524459383,118797666.04761915
0,0.0,4,0.0,-0.09970936286980371,0.06910016942990793,0.0,147,61,0,0,-1.6543479651143245,0.8142165823081207,-0.8843868042090878,0.8843868042090867,-1.7857167091929491,125275275.57142869
0,0.0,0,4.336808689942018e-19,-0.4262355695857257,0.060912674126129135,0.0,182,65,0,0,-2.538710211211841,-3.029381328734184,1.5321714840746483,-1.6291890926819768,-2.218569972340598,99912011.4285715
0,0.0,3,2.168404344971009e-19,-0.2815273675215154,0.06555901958064728,0.0,249,64,0,0,-1.6415274916348204,-1.7589010301305978,-2.876965075730193,1.3024956693661676,-2.726448775104935,109740439.85714294
0,0.0,2,0.0,-0.2820297243177729,0.07610517035889977,0.0,219,53,0,0,-4.278606624473548,1.012502153231754,-1.0141314394354632,1.1078645237843796,-1.4901521905350488,115174945.38095246
0,0.0,-1,-2.168404344971009e-19,-0.3444814829732678,0.023402873009720035,0.0,50,52,0,0,-3.121665374354845,-3.7089149774824444,2.962416043763569,-2.8124955788865527,-1.2267500794774637,169814683.0476192
0,0.0,2,-2.168404344971009e-19,-0.204128675950869,0.050389764569511754,0.0,150,54,0,0,-3.62675588646845,-3.752666528027974,-3.0394112808895537,3.016530847792809,-0.8489566412707262,84316591.42857149
0,0.0,1,2.168404344971009e-19,-0.24315200840210044,-0.011871974881792008,0.0,101,45,0,0,-1.9361129927983463,-3.2235979683337184,-2.955648775902595,0.5256209030572772,-0.8112459717291367,120680992.09523818
0,0.0,2,2.168404344971009e-19,-0.37406173310765584,0.08910164713575919,0.0,185,47,0,0,-1.4302001144718486,-4.410841008284475,0.3962830921596405,-3.5610231312394234,0.1818690367069833,140965265.3809525
0,0.0,0,2.168404344971009e-19,-0.29843623456803736,-0.0231466674104044,0.0,66,66,0,0,-2.908346111785194,-3.0879442994371895,-2.551076963611463,1.9683199916674954,-1.7385949195002786,132701894.85714297
0,0.0,5,-6.505213034913027e-19,-0.5446403253700849,0.0814746146790685,0.0,184,56,0,0,-2.457616614435432,-4.407982959675698,-0.11428093633665881,-0.11428093633665859,-2.8822306612419695,117042005.7142858
0,0.0,9,-2.168404344971009e-19,-0.4816897984281733,0.12093670928236938,0.0,379,69,0,0,-3.6578040829457468,-2.7915914340163646,-2.670976675588187,-1.3395592198004151,-1.9307853200542304,63860971.14285719
0,0.0,8,-2.168404344971009e-19,-0.3815206652517437,0.11492690103664166,0.0,308,65,0,0,-3.547048305188969,-2.5048524411655704,-2.304179675281263,1.1331767032634001,1.9718036881013672,94493692.09523818
0,0.0,9,-2.168404344971009e-19,-0.4012330854480198,0.06571281617857774,0.0,206,52,0,0,-2.024176560122103,-0.801541341158235,0.6804479438632414,-2.2658545047478142,0.846627610302563,101462234.90476198
0,0.0,2,-4.336808689942018e-19,-0.28610937675305126,0.05052741174058178,0.0,76,57,0,0,-1.8674449772572574,-3.11581902490674,-0.6420970881901104,-1.8063135097431526,1.022113615003042,135384435.42857152
0,0.0,2,-2.168404344971009e-19,-0.21604111499495443,0.07131144651467977,0.0,196,54,0,0,-4.0879784111910205,-0.901455795354593,0.9513668011685339,1.8770603235776582,-1.4142135623730956,52503719.19047624
0,0.0,1,2.168404344971009e-19,-0.25952465225315346,0.07293040783824457,0.0,107,53,0,0,-0.9339816084468826,-2.273569667908019,-2.0697492549564855,-0.9552100029400591,-1.652972458759132,115626636.57142867
0,0.0,-1,2.168404344971009e-19,-0.2005914936729562,0.07093545817545052,0.0,150,57,0,0,-2.036982448248352,-1.804199335830774,-1.414215289066753,-1.414215289066753,1.4142136577257183,96645087.14285722
0,0.0,3,-2.168404344971009e-19,-0.44587389914219855,0.11728221886716365,0.0,192,54,0,0,-0.5237620558558609,2.891905050296314,-2.8606817784009704,-0.8031517109646762,-2.3771548195613135,121083998.71428582
0,0.0,-7,0.0,-0.02170114552224303,0.09672914338447197,0.0,164,64,0,0,-1.615345813818998,-2.437845795520612,1.5846885388771117,-1.6180339887498971,1.4760501943041215,263916438.2857145
0,0.0,-2,4.336808689942018e-19,0.09029612108013917,0.11800780449899612,0.0,302,69,0,0,-1.8189319142196179,-2.041527816648026,1.2871502671469124,-1.6180339887498922,-1.6180339887498896,222115891.57142875
0,0.0,-1,-2.168404344971009e-19,-0.30996703990859353,-0.02175883239375802,0.0,326,60,0,0,-1.8825804521685219,-1.6180339887499011,1.4142135623730934,-1.414213562373091,-1.4052455223068732,163305020.28571445
0,0.0,-1,0.0,0.028874829391895687,0.11227036978390206,0.0,258,58,0,0,-1.1198461000476736,-2.347189371575576,-1.415815088816097,1.4142135623730905,-1.405245522306875,237758385.52380973
0,0.0,0,0.0,0.13419854123174563,0.0975699230641264,0.0,232,50,0,0,0.5120419077310077,-0.6144325062337361,2.093558054969289,-1.753885808671192,-1.753885808671192,184566174.1428573
0,0.0,1,0.0,-0.004284607507179197,0.13046397339810573,0.0,251,64,0,0,1.4411984504904523,-1.441198450490433,-1.2209250191043526,-1.7604496029301795,1.2235675397873669,257789879.23809546
