Graph Number,precision overall,recall overall,tp_overall,fp_overall,tn_overall,fn_overall,precision oo,recall oo,tp_oo,fp_oo,tn_oo,fn_oo,precision oon,recall oon,tp_oon,fp_oon,tn_oon,fn_oon,precision on,recall on,tp_on,fp_on,tn_on,fn_on,precision nn,recall nn,tp_nn,fp_nn,tn_nn,fn_nn,Correct Node IDs,Correct Old Node IDs,Precision Old IDs,Recall Old IDs,Correct New Node IDs,Precision New IDs,Recall New IDs,Correct Overall IDs,Precision Overall IDs,Recall Overall IDs
2,0.0,0.0,0,0,162343,628,0.0,0.0,0,0,0,0,0.0,0.0,0,0,0,0,0.0,0.0,0,0,162782,30,0.0,0.0,0,0,153617,596,0.7481481481481481,0,0.0,0.0,393,0.7304832713754646,0.74573055028463,404,0.7481481481481481,0.7481481481481481
3,0.03571428571428571,0.0018450184501845018,1,27,125247,541,0.0,0.0,0,0,0,0,0.0,0.0,0,0,0,0,0.0,0.0,0,28,125617,25,0.0,0.0,0,0,116943,504,0.6672932330827067,0,0.0,0.0,343,0.6520912547528517,0.6608863198458574,355,0.6672932330827067,0.6672932330827067
4,0.023529411764705882,0.003952569169960474,2,83,112777,504,0.0,0.0,0,0,0,0,0.0,0.0,0,0,0,1,0.0,0.0,0,41,113163,28,0.0,0.0,0,0,85325,343,0.6007130124777184,1,0.02040816326530612,0.07142857142857142,293,0.572265625,0.5356489945155393,337,0.6007130124777184,0.6007130124777184
5,0.018018018018018018,0.0045871559633027525,2,109,97237,434,0.0,0.0,0,0,0,0,0.0,0.0,0,0,0,1,0.0,0.0,0,37,97595,24,0.0,0.0,0,0,70826,300,0.5559502664298401,1,0.0196078431372549,0.0625,267,0.521484375,0.48811700182815354,313,0.5559502664298401,0.5559502664298401
6,0.018518518518518517,0.006006006006006006,2,106,67000,331,0.0,0.0,0,0,0,0,0.0,0.0,0,0,0,0,0.0,0.0,0,49,67271,20,0.0,0.0,0,0,46725,225,0.4701627486437613,1,0.018867924528301886,0.05555555555555555,217,0.434,0.405607476635514,260,0.4701627486437613,0.4701627486437613
7,0.008695652173913044,0.004273504273504274,1,114,36784,233,0.0,0.0,0,0,0,0,0.0,0.0,0,0,0,0,0.0,0.0,0,59,36988,9,0.0,0.0,0,0,24083,155,0.3574074074074074,1,0.017857142857142856,0.047619047619047616,156,0.32231404958677684,0.30057803468208094,193,0.3574074074074074,0.3574074074074074
8,0.012658227848101266,0.004464285714285714,1,78,35678,223,0.0,0.0,0,0,0,0,0.0,0.0,0,0,0,0,0.0,0.0,0,50,35849,11,0.0,0.0,0,0,22269,134,0.35315985130111527,1,0.01639344262295082,0.047619047619047616,150,0.31446540880503143,0.2901353965183752,190,0.35315985130111527,0.35315985130111527
9,0.011764705882352941,0.004424778761061947,1,84,29511,225,0.0,0.0,0,0,0,0,0.0,0.0,0,0,0,0,0.0,0.0,0,56,29686,14,0.0,0.0,0,0,18002,134,0.32397003745318353,1,0.015384615384615385,0.047619047619047616,135,0.2878464818763326,0.2631578947368421,173,0.32397003745318353,0.32397003745318353
10,0.0,0.0,0,95,26165,211,0.0,0.0,0,0,0,0,0.0,0.0,0,0,0,0,0.0,0.0,0,66,26329,11,0.0,0.0,0,0,15672,126,0.29159212880143115,1,0.014492753623188406,0.04,126,0.2571428571428571,0.23595505617977527,163,0.29159212880143115,0.29159212880143115
11,0.007194244604316547,0.004739336492890996,1,138,26449,210,0.0,0.0,0,0,0,0,0.0,0.0,0,0,0,0,0.0,0.0,0,80,26640,12,0.0,0.0,0,0,14926,126,0.3025830258302583,1,0.014492753623188406,0.04,123,0.26004228329809725,0.2379110251450677,164,0.3025830258302583,0.3025830258302583
12,0.007518796992481203,0.005,1,132,22684,199,0.0,0.0,0,0,0,0,0.0,0.0,0,0,0,0,0.0,0.0,0,78,22867,7,0.0,0.0,0,0,13500,119,0.27941176470588236,1,0.014705882352941176,0.037037037037037035,117,0.24579831932773108,0.2263056092843327,152,0.27941176470588236,0.27941176470588236
13,0.00819672131147541,0.004629629629629629,1,121,22682,215,0.0,0.0,0,0,0,0,0.0,0.0,0,0,0,0,0.0,0.0,0,70,22875,7,0.0,0.0,0,0,13262,129,0.2699822380106572,1,0.015151515151515152,0.038461538461538464,116,0.23340040241448692,0.21601489757914338,152,0.2699822380106572,0.2699822380106572
14,0.015384615384615385,0.009615384615384616,2,128,22679,206,0.0,0.0,0,0,2,0,0.0,0.0,0,0,2,0,0.0,0.0,0,81,22862,9,0.0,0.0,0,0,12826,102,0.2704626334519573,2,0.02666666666666667,0.06451612903225806,114,0.23408624229979466,0.21468926553672316,152,0.2704626334519573,0.2704626334519573
15,0.014285714285714285,0.006024096385542169,1,69,13862,165,0.0,0.0,0,0,2,0,0.0,0.0,0,0,2,1,0.0,0.0,0,26,14007,9,0.0,0.0,0,0,6936,74,0.21794871794871795,2,0.02666666666666667,0.07142857142857142,84,0.17834394904458598,0.16216216216216217,119,0.21794871794871795,0.21794871794871795
16,0.01818181818181818,0.009174311926605505,1,54,9386,108,0.0,0.0,0,0,0,0,0.0,0.0,0,0,0,1,0.0,0.0,0,8,9496,2,0.0,0.0,0,0,4799,62,0.17785843920145192,1,0.013513513513513514,0.03571428571428571,70,0.14675052410901468,0.1338432122370937,98,0.17785843920145192,0.17785843920145192
17,0.02631578947368421,0.014184397163120567,2,74,10338,139,0.0,0.0,0,0,0,0,0.0,0.0,0,0,0,1,0.0,0.0,0,26,10472,8,0.0,0.0,0,0,4946,55,0.18262411347517732,1,0.014705882352941176,0.034482758620689655,71,0.1431451612903226,0.13271028037383178,103,0.18262411347517732,0.18262411347517732
18,0.0,0.0,0,53,9561,131,0.0,0.0,0,0,0,0,0.0,0.0,0,0,0,1,0.0,0.0,0,25,9672,5,0.0,0.0,0,0,4259,58,0.17010309278350516,1,0.014925373134328358,0.02857142857142857,66,0.12815533980582525,0.1206581352833638,99,0.17010309278350516,0.17010309278350516
19,0.0,0.0,0,37,6879,97,0.0,0.0,0,0,2,0,0.0,0.0,0,0,2,1,0.0,0.0,0,16,6954,2,0.0,0.0,0,0,2337,38,0.1453287197231834,2,0.0273972602739726,0.05555555555555555,49,0.09702970297029703,0.09040590405904059,84,0.1453287197231834,0.1453287197231834
20,0.0,0.0,0,32,5754,104,0.0,0.0,0,0,2,0,0.0,0.0,0,0,2,1,0.0,0.0,0,11,5836,5,0.0,0.0,0,0,2054,39,0.13298791018998274,2,0.027777777777777776,0.05405405405405406,46,0.09072978303747535,0.08487084870848709,77,0.13298791018998274,0.13298791018998274
21,0.0,0.0,0,47,4604,66,0.0,0.0,0,0,2,0,0.0,0.0,0,0,2,1,0.0,0.0,0,8,4683,1,0.0,0.0,0,0,1546,27,0.11794871794871795,2,0.03125,0.05405405405405406,40,0.07677543186180422,0.072992700729927,69,0.11794871794871795,0.11794871794871795
22,0.0,0.0,0,9,3979,75,0.0,0.0,0,0,2,0,0.0,0.0,0,0,2,0,0.0,0.0,0,5,4027,0,0.0,0.0,0,0,1625,34,0.10474631751227496,2,0.03333333333333333,0.04878048780487805,41,0.07441016333938294,0.07192982456140351,64,0.10474631751227496,0.10474631751227496
23,0.0,0.0,0,1,4527,57,0.0,0.0,0,0,2,0,0.0,0.0,0,0,2,1,0.0,0.0,0,1,4553,2,0.0,0.0,0,0,1474,27,0.10932475884244373,2,0.02857142857142857,0.046511627906976744,39,0.07065217391304347,0.06735751295336788,68,0.10932475884244373,0.10932475884244373
24,0.0,0.0,0,11,1872,28,0.0,0.0,0,0,0,0,0.0,0.0,0,0,0,1,0.0,0.0,0,7,1884,1,0.0,0.0,0,0,552,11,0.07419898819561552,1,0.017241379310344827,0.024390243902439025,24,0.044859813084112146,0.043478260869565216,44,0.07419898819561552,0.07419898819561552
25,0.0,0.0,0,6,2050,34,0.0,0.0,0,0,0,0,0.0,0.0,0,0,0,0,0.0,0.0,0,1,2069,0,0.0,0.0,0,0,697,15,0.07718120805369127,0,0.0,0.0,27,0.04963235294117647,0.048561151079136694,46,0.07718120805369127,0.07718120805369127
26,0.0,0.0,0,19,2316,39,0.0,0.0,0,0,0,0,0.0,0.0,0,0,0,0,0.0,0.0,0,15,2336,1,0.0,0.0,0,0,751,17,0.08333333333333333,0,0.0,0.0,28,0.052434456928838954,0.051094890510948905,49,0.08333333333333333,0.08333333333333333
27,0.0,0.0,0,4,692,17,0.0,0.0,0,0,0,0,0.0,0.0,0,0,0,1,0.0,0.0,0,0,701,1,0.0,0.0,0,0,89,5,0.04695652173913043,1,0.019230769230769232,0.027777777777777776,10,0.019120458891013385,0.01855287569573284,27,0.04695652173913043,0.04695652173913043
28,0.0,0.0,0,5,644,10,0.0,0.0,0,0,0,0,0.0,0.0,0,0,0,1,0.0,0.0,0,5,645,0,0.0,0.0,0,0,272,4,0.04498269896193772,1,0.025,0.02857142857142857,17,0.031598513011152414,0.03130755064456722,26,0.04498269896193772,0.04498269896193772
29,0.0,0.0,0,1,597,11,0.0,0.0,0,0,0,0,0.0,0.0,0,0,0,0,0.0,0.0,0,0,600,0,0.0,0.0,0,0,271,7,0.04201680672268908,1,0.024390243902439025,0.03225806451612903,17,0.030685920577617327,0.030141843971631204,25,0.04201680672268908,0.04201680672268908
30,0.0,0.0,0,2,207,7,0.0,0.0,0,0,0,0,0.0,0.0,0,0,0,1,0.0,0.0,0,0,210,0,0.0,0.0,0,0,71,4,0.025252525252525252,1,0.022727272727272728,0.03225806451612903,9,0.016363636363636365,0.015985790408525755,15,0.025252525252525252,0.025252525252525252
31,0.0,0.0,0,0,240,6,0.0,0.0,0,0,0,0,0.0,0.0,0,0,0,1,0.0,0.0,0,0,240,0,0.0,0.0,0,0,72,3,0.02631578947368421,1,0.022222222222222223,0.03125,9,0.015985790408525755,0.015625,16,0.02631578947368421,0.02631578947368421
32,0.0,0.0,0,0,110,4,0.0,0.0,0,0,0,0,0.0,0.0,0,0,0,0,0.0,0.0,0,0,110,0,0.0,0.0,0,0,30,2,0.018302828618968387,0,0.0,0.0,6,0.010830324909747292,0.010619469026548672,11,0.018302828618968387,0.018302828618968387
33,0.0,0.0,0,0,72,1,0.0,0.0,0,0,0,0,0.0,0.0,0,0,0,0,0.0,0.0,0,0,72,0,0.0,0.0,0,0,30,1,0.015202702702702704,0,0.0,0.0,6,0.010948905109489052,0.010830324909747292,9,0.015202702702702704,0.015202702702702704
34,0.0,0.0,0,0,42,4,0.0,0.0,0,0,0,0,0.0,0.0,0,0,0,0,0.0,0.0,0,0,42,0,0.0,0.0,0,0,12,2,0.011705685618729096,0,0.0,0.0,4,0.00718132854578097,0.007155635062611807,7,0.011705685618729096,0.011705685618729096
35,1.0,0.3333333333333333,1,0,29,2,0.0,0.0,0,0,0,0,0.0,0.0,0,0,0,0,0.0,0.0,0,0,29,1,0.0,0.0,0,0,6,2,0.01020408163265306,1,0.012987012987012988,0.023255813953488372,3,0.005870841487279843,0.005504587155963303,6,0.01020408163265306,0.01020408163265306
36,0.0,0.0,0,0,20,2,0.0,0.0,0,0,0,0,0.0,0.0,0,0,0,0,0.0,0.0,0,0,20,0,0.0,0.0,0,0,12,2,0.008431703204047217,0,0.0,0.0,4,0.007736943907156673,0.007312614259597806,5,0.008431703204047217,0.008431703204047217
37,0.0,0.0,0,0,20,4,0.0,0.0,0,0,0,0,0.0,0.0,0,0,0,0,0.0,0.0,0,0,20,0,0.0,0.0,0,0,20,4,0.008445945945945946,0,0.0,0.0,5,0.009615384615384616,0.009107468123861567,5,0.008445945945945946,0.008445945945945946
38,0.0,0.0,0,0,12,2,0.0,0.0,0,0,0,0,0.0,0.0,0,0,0,0,0.0,0.0,0,0,12,0,0.0,0.0,0,0,6,2,0.006993006993006993,0,0.0,0.0,3,0.005917159763313609,0.005649717514124294,4,0.006993006993006993,0.006993006993006993
39,0.0,0.0,0,0,2,2,0.0,0.0,0,0,0,0,0.0,0.0,0,0,0,0,0.0,0.0,0,0,2,0,0.0,0.0,0,0,2,2,0.0035398230088495575,0,0.0,0.0,2,0.004024144869215292,0.0038240917782026767,2,0.0035398230088495575,0.0035398230088495575
40,0.0,0.0,0,0,30,4,0.0,0.0,0,0,0,0,0.0,0.0,0,0,0,0,0.0,0.0,0,0,30,0,0.0,0.0,0,0,30,4,0.010221465076660987,0,0.0,0.0,6,0.011494252873563218,0.01098901098901099,6,0.010221465076660987,0.010221465076660987
41,0.0,0.0,0,0,12,2,0.0,0.0,0,0,0,0,0.0,0.0,0,0,0,0,0.0,0.0,0,0,12,0,0.0,0.0,0,0,12,2,0.006688963210702341,0,0.0,0.0,4,0.007547169811320755,0.007194244604316547,4,0.006688963210702341,0.006688963210702341
42,0.0,0.0,0,0,90,4,0.0,0.0,0,0,0,0,0.0,0.0,0,0,0,0,0.0,0.0,0,0,90,0,0.0,0.0,0,0,90,4,0.01592356687898089,0,0.0,0.0,10,0.0176678445229682,0.017123287671232876,10,0.01592356687898089,0.01592356687898089
43,0.0,0.0,0,0,132,4,0.0,0.0,0,0,0,0,0.0,0.0,0,0,0,0,0.0,0.0,0,0,132,0,0.0,0.0,0,0,110,3,0.018957345971563982,0,0.0,0.0,11,0.01929824561403509,0.018739352640545145,12,0.018957345971563982,0.018957345971563982
44,0.0,0.0,0,1,55,4,0.0,0.0,0,0,0,0,0.0,0.0,0,0,0,0,0.0,0.0,0,1,55,0,0.0,0.0,0,0,42,3,0.012738853503184714,0,0.0,0.0,7,0.012237762237762238,0.011986301369863013,8,0.012738853503184714,0.012738853503184714
45,0.0,0.0,0,1,89,4,0.0,0.0,0,0,0,0,0.0,0.0,0,0,0,0,0.0,0.0,0,1,89,0,0.0,0.0,0,0,72,3,0.01557632398753894,0,0.0,0.0,9,0.015280135823429542,0.015100671140939598,10,0.01557632398753894,0.01557632398753894
46,0.0,0.0,0,1,131,4,0.0,0.0,0,0,0,0,0.0,0.0,0,0,0,0,0.0,0.0,0,1,131,0,0.0,0.0,0,0,110,3,0.01866251944012442,0,0.0,0.0,11,0.01870748299319728,0.018456375838926176,12,0.01866251944012442,0.01866251944012442
47,0.0,0.0,0,0,132,3,0.0,0.0,0,0,0,0,0.0,0.0,0,0,0,0,0.0,0.0,0,0,132,0,0.0,0.0,0,0,132,3,0.01875,0,0.0,0.0,12,0.020618556701030927,0.020100502512562814,12,0.01875,0.01875
48,0.0,0.0,0,0,154,6,0.0,0.0,0,0,0,0,0.0,0.0,0,0,0,0,0.0,0.0,0,0,156,0,0.0,0.0,0,0,154,6,0.020123839009287926,0,0.0,0.0,13,0.022108843537414966,0.021666666666666667,13,0.020123839009287926,0.020123839009287926
49,0.0,0.0,0,7,413,9,0.0,0.0,0,0,0,0,0.0,0.0,0,0,0,0,0.0,0.0,0,7,413,0,0.0,0.0,0,0,380,8,0.033123028391167195,0,0.0,0.0,20,0.03460207612456748,0.03389830508474576,21,0.033123028391167195,0.033123028391167195
50,0.0,0.0,0,0,702,8,0.0,0.0,0,0,0,0,0.0,0.0,0,0,0,0,0.0,0.0,0,0,702,0,0.0,0.0,0,0,600,8,0.04231974921630094,0,0.0,0.0,25,0.04258943781942078,0.04230118443316413,27,0.04231974921630094,0.04231974921630094
51,0.0,0.0,0,0,306,7,0.0,0.0,0,0,0,0,0.0,0.0,0,0,0,0,0.0,0.0,0,0,306,0,0.0,0.0,0,0,272,7,0.028662420382165606,0,0.0,0.0,17,0.029513888888888888,0.02905982905982906,18,0.028662420382165606,0.028662420382165606
52,0.0,0.0,0,0,380,9,0.0,0.0,0,0,0,0,0.0,0.0,0,0,0,0,0.0,0.0,0,0,380,0,0.0,0.0,0,0,90,5,0.03210272873194221,0,0.0,0.0,10,0.019801980198019802,0.01733102253032929,20,0.03210272873194221,0.03210272873194221
53,0.0,0.0,0,2,596,14,0.0,0.0,0,0,0,0,0.0,0.0,0,0,0,0,0.0,0.0,0,2,598,0,0.0,0.0,0,0,181,9,0.03968253968253968,0,0.0,0.0,14,0.027944111776447105,0.023931623931623933,25,0.03968253968253968,0.03968253968253968
54,0.0,0.0,0,2,749,18,0.0,0.0,0,0,0,0,0.0,0.0,0,0,0,0,0.0,0.0,0,2,754,0,0.0,0.0,0,0,458,15,0.04375,0,0.0,0.0,22,0.04365079365079365,0.03735144312393888,28,0.04375,0.04375
55,0.0,0.0,0,0,753,14,0.0,0.0,0,0,0,0,0.0,0.0,0,0,0,0,0.0,0.0,0,0,756,0,0.0,0.0,0,0,503,14,0.04516129032258064,0,0.0,0.0,23,0.046464646464646465,0.04056437389770723,28,0.04516129032258064,0.04516129032258064
56,0.0,0.0,0,0,926,17,0.0,0.0,0,0,0,0,0.0,0.0,0,0,0,0,0.0,0.0,0,0,930,0,0.0,0.0,0,0,646,17,0.049679487179487176,0,0.0,0.0,26,0.052104208416833664,0.045936395759717315,31,0.049679487179487176,0.049679487179487176
57,0.0,0.0,0,2,1402,13,0.0,0.0,0,0,0,0,0.0,0.0,0,0,0,0,0.0,0.0,0,2,1404,0,0.0,0.0,0,0,1054,12,0.060897435897435896,0,0.0,0.0,33,0.06547619047619048,0.05799648506151142,38,0.060897435897435896,0.060897435897435896
58,0.0,0.0,0,2,1636,15,0.0,0.0,0,0,0,0,0.0,0.0,0,0,0,0,0.0,0.0,0,2,1638,0,0.0,0.0,0,0,1259,13,0.06721311475409836,0,0.0,0.0,36,0.07302231237322515,0.06474820143884892,41,0.06721311475409836,0.06721311475409836
59,0.0,0.0,0,2,1120,7,0.0,0.0,0,0,0,0,0.0,0.0,0,0,0,0,0.0,0.0,0,2,1120,0,0.0,0.0,0,0,870,6,0.05676126878130217,0,0.0,0.0,30,0.06134969325153374,0.05504587155963303,34,0.05676126878130217,0.05676126878130217
60,0.0,0.0,0,0,1560,9,0.0,0.0,0,0,0,0,0.0,0.0,0,0,0,0,0.0,0.0,0,0,1560,0,0.0,0.0,0,0,1260,9,0.06493506493506493,0,0.0,0.0,36,0.07086614173228346,0.0650994575045208,40,0.06493506493506493,0.06493506493506493
61,0.0,0.0,0,0,1122,11,0.0,0.0,0,0,0,0,0.0,0.0,0,0,0,0,0.0,0.0,0,0,1122,0,0.0,0.0,0,0,930,10,0.05555555555555555,0,0.0,0.0,31,0.06187624750499002,0.05615942028985507,34,0.05555555555555555,0.05555555555555555
62,0.0,0.0,0,0,1260,9,0.0,0.0,0,0,0,0,0.0,0.0,0,0,0,0,0.0,0.0,0,0,1260,0,0.0,0.0,0,0,1056,8,0.059113300492610835,0,0.0,0.0,33,0.0658682634730539,0.0603290676416819,36,0.059113300492610835,0.059113300492610835
63,0.0,0.0,0,4,1118,9,0.0,0.0,0,0,0,0,0.0,0.0,0,0,0,0,0.0,0.0,0,4,1118,0,0.0,0.0,0,0,870,7,0.05647840531561462,0,0.0,0.0,30,0.060240963855421686,0.055762081784386616,34,0.05647840531561462,0.05647840531561462
64,0.0,0.0,0,5,1399,12,0.0,0.0,0,0,0,0,0.0,0.0,0,0,0,0,0.0,0.0,0,5,1401,0,0.0,0.0,0,0,1188,10,0.0625,0,0.0,0.0,35,0.06944444444444445,0.06422018348623854,38,0.0625,0.0625
65,0.0,0.0,0,6,1400,9,0.0,0.0,0,0,0,0,0.0,0.0,0,0,0,0,0.0,0.0,0,6,1400,0,0.0,0.0,0,0,1190,7,0.06354515050167224,0,0.0,0.0,35,0.06986027944111776,0.0660377358490566,38,0.06354515050167224,0.06354515050167224
66,0.0,0.0,0,6,1716,15,0.0,0.0,0,0,0,0,0.0,0.0,0,0,0,0,0.0,0.0,0,6,1716,0,0.0,0.0,0,0,1482,13,0.0707070707070707,0,0.0,0.0,39,0.0783132530120482,0.07400379506641366,42,0.0707070707070707,0.0707070707070707
67,0.0,0.0,0,6,1716,16,0.0,0.0,0,0,0,0,0.0,0.0,0,0,0,0,0.0,0.0,0,6,1716,0,0.0,0.0,0,0,1406,13,0.07216494845360824,0,0.0,0.0,38,0.07867494824016563,0.07293666026871401,42,0.07216494845360824,0.07216494845360824
68,0.0,0.0,0,0,1804,16,0.0,0.0,0,0,0,0,0.0,0.0,0,0,0,0,0.0,0.0,0,0,1806,0,0.0,0.0,0,0,1639,14,0.07583774250440917,0,0.0,0.0,41,0.0835030549898167,0.08102766798418973,43,0.07583774250440917,0.07583774250440917
69,0.0,0.0,0,0,1640,14,0.0,0.0,0,0,0,0,0.0,0.0,0,0,0,0,0.0,0.0,0,0,1640,0,0.0,0.0,0,0,1560,14,0.07180385288966724,0,0.0,0.0,40,0.0796812749003984,0.078125,41,0.07180385288966724,0.07180385288966724
70,0.0,0.0,0,0,1804,17,0.0,0.0,0,0,0,0,0.0,0.0,0,0,0,0,0.0,0.0,0,0,1806,0,0.0,0.0,0,0,1720,17,0.07530647985989491,0,0.0,0.0,42,0.08284023668639054,0.08171206225680934,43,0.07530647985989491,0.07530647985989491
71,0.0,0.0,0,0,1890,18,0.0,0.0,0,0,0,0,0.0,0.0,0,0,0,0,0.0,0.0,0,0,1892,0,0.0,0.0,0,0,1638,17,0.07665505226480836,0,0.0,0.0,41,0.082,0.07961165048543689,44,0.07665505226480836,0.07665505226480836
72,0.0,0.0,0,0,2068,18,0.0,0.0,0,0,0,0,0.0,0.0,0,0,0,0,0.0,0.0,0,0,2070,0,0.0,0.0,0,0,1720,17,0.0798611111111111,0,0.0,0.0,42,0.0821917808219178,0.08076923076923077,46,0.0798611111111111,0.0798611111111111
73,0.0,0.0,0,0,1554,19,0.0,0.0,0,0,0,0,0.0,0.0,0,0,0,0,0.0,0.0,0,0,1560,0,0.0,0.0,0,0,1188,13,0.07130124777183601,0,0.0,0.0,35,0.07042253521126761,0.0697211155378486,40,0.07130124777183601,0.07130124777183601
74,0.0,0.0,0,0,1638,13,0.0,0.0,0,0,0,0,0.0,0.0,0,0,0,0,0.0,0.0,0,0,1640,0,0.0,0.0,0,0,1404,12,0.0702054794520548,0,0.0,0.0,38,0.07183364839319471,0.07265774378585087,41,0.0702054794520548,0.0702054794520548
75,0.0,0.0,0,0,2253,16,0.0,0.0,0,0,0,0,0.0,0.0,0,0,0,0,0.0,0.0,0,0,2256,0,0.0,0.0,0,0,2067,15,0.07973421926910298,0,0.0,0.0,46,0.08487084870848709,0.08487084870848709,48,0.07973421926910298,0.07973421926910298
76,0.0,0.0,0,0,1801,15,0.0,0.0,0,0,0,0,0.0,0.0,0,0,0,0,0.0,0.0,0,0,1806,0,0.0,0.0,0,0,1557,12,0.0723905723905724,0,0.0,0.0,40,0.0749063670411985,0.0749063670411985,43,0.0723905723905724,0.0723905723905724
77,0.0,0.0,0,2,1403,12,0.0,0.0,0,0,0,0,0.0,0.0,0,0,0,0,0.0,0.0,0,1,1405,0,0.0,0.0,0,0,1189,10,0.06397306397306397,0,0.0,0.0,35,0.06481481481481481,0.06529850746268656,38,0.06397306397306397,0.06397306397306397
78,0.0,0.0,0,3,1186,12,0.0,0.0,0,0,0,0,0.0,0.0,0,0,0,0,0.0,0.0,0,3,1187,0,0.0,0.0,0,0,1055,11,0.059422750424448216,0,0.0,0.0,33,0.061224489795918366,0.062381852551984876,35,0.059422750424448216,0.059422750424448216
79,0.0,0.0,0,3,1478,15,0.0,0.0,0,0,0,0,0.0,0.0,0,0,0,0,0.0,0.0,0,3,1479,0,0.0,0.0,0,0,1331,14,0.06393442622950819,0,0.0,0.0,37,0.0659536541889483,0.06739526411657559,39,0.06393442622950819,0.06393442622950819
80,0.0,0.0,0,3,1802,17,0.0,0.0,0,0,0,0,0.0,0.0,0,0,0,0,0.0,0.0,0,3,1803,0,0.0,0.0,0,0,1721,16,0.0685805422647528,0,0.0,0.0,42,0.07253886010362694,0.0743362831858407,43,0.0685805422647528,0.0685805422647528
81,0.0,0.0,0,3,1556,17,0.0,0.0,0,0,0,0,0.0,0.0,0,0,0,0,0.0,0.0,0,3,1557,0,0.0,0.0,0,0,1481,16,0.06504065040650407,0,0.0,0.0,39,0.06842105263157895,0.07027027027027027,40,0.06504065040650407,0.06504065040650407
82,0.0,0.0,0,3,1329,13,0.0,0.0,0,0,0,0,0.0,0.0,0,0,0,0,0.0,0.0,0,3,1329,0,0.0,0.0,0,0,1260,12,0.06105610561056106,0,0.0,0.0,36,0.06581352833638025,0.0661764705882353,37,0.06105610561056106,0.06105610561056106
83,0.0,0.0,0,3,1403,12,0.0,0.0,0,0,0,0,0.0,0.0,0,0,0,0,0.0,0.0,0,3,1403,0,0.0,0.0,0,0,1332,11,0.06408094435075885,0,0.0,0.0,37,0.06776556776556776,0.07007575757575757,38,0.06408094435075885,0.06408094435075885
84,0.0,0.0,0,4,1118,12,0.0,0.0,0,0,0,0,0.0,0.0,0,0,0,0,0.0,0.0,0,4,1118,0,0.0,0.0,0,0,992,11,0.05802047781569966,0,0.0,0.0,32,0.05925925925925926,0.06130268199233716,34,0.05802047781569966,0.05802047781569966
85,0.0,0.0,0,4,1118,12,0.0,0.0,0,0,0,0,0.0,0.0,0,0,0,0,0.0,0.0,0,4,1118,0,0.0,0.0,0,0,1056,11,0.05821917808219178,0,0.0,0.0,33,0.06111111111111111,0.06333973128598848,34,0.05821917808219178,0.05821917808219178
86,0.0,0.0,0,5,987,12,0.0,0.0,0,0,0,0,0.0,0.0,0,0,0,0,0.0,0.0,0,5,987,0,0.0,0.0,0,0,930,11,0.0547945205479452,0,0.0,0.0,31,0.0570902394106814,0.05961538461538462,32,0.0547945205479452,0.0547945205479452
87,0.0,0.0,0,5,865,8,0.0,0.0,0,0,0,0,0.0,0.0,0,0,0,0,0.0,0.0,0,5,865,0,0.0,0.0,0,0,812,7,0.05217391304347826,0,0.0,0.0,29,0.054924242424242424,0.05708661417322835,30,0.05217391304347826,0.05217391304347826
88,0.0,0.0,0,5,987,11,0.0,0.0,0,0,0,0,0.0,0.0,0,0,0,0,0.0,0.0,0,5,987,0,0.0,0.0,0,0,650,7,0.055267702936096716,0,0.0,0.0,26,0.05108055009823183,0.05078125,32,0.055267702936096716,0.055267702936096716
89,0.0,0.0,0,5,697,12,0.0,0.0,0,0,0,0,0.0,0.0,0,0,0,0,0.0,0.0,0,5,697,0,0.0,0.0,0,0,462,8,0.045454545454545456,0,0.0,0.0,22,0.04206500956022945,0.04198473282442748,27,0.045454545454545456,0.045454545454545456
90,0.0,0.0,0,5,697,13,0.0,0.0,0,0,0,0,0.0,0.0,0,0,0,0,0.0,0.0,0,5,697,0,0.0,0.0,0,0,462,9,0.04568527918781726,0,0.0,0.0,22,0.04238921001926782,0.0425531914893617,27,0.04568527918781726,0.04568527918781726
91,0.0,0.0,0,4,698,12,0.0,0.0,0,0,0,0,0.0,0.0,0,0,0,0,0.0,0.0,0,4,698,0,0.0,0.0,0,0,506,9,0.045454545454545456,0,0.0,0.0,23,0.0444015444015444,0.044145873320537425,27,0.045454545454545456,0.045454545454545456
92,0.0,0.0,0,0,756,10,0.0,0.0,0,0,0,0,0.0,0.0,0,0,0,0,0.0,0.0,0,0,756,0,0.0,0.0,0,0,600,9,0.048109965635738834,0,0.0,0.0,25,0.04873294346978557,0.048828125,28,0.048109965635738834,0.048109965635738834
93,0.0,0.0,0,1,461,6,0.0,0.0,0,0,0,0,0.0,0.0,0,0,0,0,0.0,0.0,0,1,461,0,0.0,0.0,0,0,342,6,0.03685092127303183,0,0.0,0.0,19,0.036053130929791274,0.035781544256120526,22,0.03685092127303183,0.03685092127303183
94,0.0,0.0,0,2,418,7,0.0,0.0,0,0,0,0,0.0,0.0,0,0,0,0,0.0,0.0,0,2,418,0,0.0,0.0,0,0,306,7,0.036585365853658534,0,0.0,0.0,18,0.03550295857988166,0.03495145631067961,21,0.036585365853658534,0.036585365853658534
