number,value,datetime_start,datetime_complete,duration,params_alpha,params_beta,params_decay_factor,state
0,0.2663032405844347,2026-04-22 00:16:27.385865,2026-04-22 00:16:27.545268,0 days 00:00:00.159403,8.735371883347426,6.34060951738169,0.696696231709252,COMPLETE
1,0.29854816835311654,2026-04-22 00:16:27.545295,2026-04-22 00:16:27.698764,0 days 00:00:00.153469,1.5812352372148442,4.890673879146437,0.21981667208605804,COMPLETE
2,0.26407579508866635,2026-04-22 00:16:27.698797,2026-04-22 00:16:27.849296,0 days 00:00:00.150499,6.256463975165722,3.893706661855527,0.9258033370729815,COMPLETE
3,0.2682882409685452,2026-04-22 00:16:27.849328,2026-04-22 00:16:28.007311,0 days 00:00:00.157983,9.869154301476353,9.346345082292006,0.8847154539186471,COMPLETE
4,0.25623370160062775,2026-04-22 00:16:28.007344,2026-04-22 00:16:28.151729,0 days 00:00:00.144385,0.8491929097531603,0.8720457366488377,0.9156582840680653,COMPLETE
5,0.27743698516648485,2026-04-22 00:16:28.151781,2026-04-22 00:16:28.311723,0 days 00:00:00.159942,7.805086074208985,2.674219905309916,0.3011763649228125,COMPLETE
6,0.2612733400345699,2026-04-22 00:16:28.311753,2026-04-22 00:16:28.463471,0 days 00:00:00.151718,5.213522833300449,1.8241390790617018,0.8319844444112483,COMPLETE
7,0.2859409655373755,2026-04-22 00:16:28.463501,2026-04-22 00:16:28.616934,0 days 00:00:00.153433,3.179996952529182,8.500509639262727,0.8157281976589955,COMPLETE
8,0.283446826524888,2026-04-22 00:16:28.616966,2026-04-22 00:16:28.772677,0 days 00:00:00.155711,1.133208764686242,7.439572399727032,0.8869495700321889,COMPLETE
9,0.27218807753597685,2026-04-22 00:16:28.772709,2026-04-22 00:16:28.928640,0 days 00:00:00.155931,6.366269820702818,3.5438871435217467,0.5887199403313174,COMPLETE
10,0.23505537337419347,2026-04-22 00:16:28.928672,2026-04-22 00:16:29.083898,0 days 00:00:00.155226,3.0095827912192634,5.560636181313894,0.04716217473266321,COMPLETE
11,0.2956029070562907,2026-04-22 00:16:29.083928,2026-04-22 00:16:29.243114,0 days 00:00:00.159186,3.1235042749953483,9.903553776252407,0.35372628199507816,COMPLETE
12,0.3039312771461891,2026-04-22 00:16:29.243144,2026-04-22 00:16:29.395450,0 days 00:00:00.152306,3.0202424183532717,4.873099056519636,0.29726683967190326,COMPLETE
13,0.28754430844058065,2026-04-22 00:16:29.395480,2026-04-22 00:16:29.543637,0 days 00:00:00.148157,0.07078787434985445,4.659518577058227,0.10274197787343277,COMPLETE
14,0.29980261058341495,2026-04-22 00:16:29.543666,2026-04-22 00:16:29.865441,0 days 00:00:00.321775,2.333515078766588,6.7206758154098045,0.24220964458408972,COMPLETE
15,0.29599304880903843,2026-04-22 00:16:29.865473,2026-04-22 00:16:30.031043,0 days 00:00:00.165570,3.9037411424499657,6.960211408948835,0.4436082904994828,COMPLETE
16,0.29964278351898543,2026-04-22 00:16:30.031083,2026-04-22 00:16:30.191423,0 days 00:00:00.160340,1.9904228028578352,8.031408822320202,0.1798999776715274,COMPLETE
17,0.2976355768185309,2026-04-22 00:16:30.191456,2026-04-22 00:16:30.345943,0 days 00:00:00.154487,4.514032646176081,6.196716415192199,0.470740270164301,COMPLETE
18,0.28180696509558034,2026-04-22 00:16:30.345975,2026-04-22 00:16:30.493982,0 days 00:00:00.148007,2.6949717036365497,0.23414096234355242,0.3379305779048305,COMPLETE
19,0.2788637592100453,2026-04-22 00:16:30.494014,2026-04-22 00:16:30.648759,0 days 00:00:00.154745,5.643125407408249,3.654720135422324,0.5723524891572969,COMPLETE
20,0.3081117148382955,2026-04-22 00:16:30.648790,2026-04-22 00:16:30.802918,0 days 00:00:00.154128,4.043593884516801,5.660723780340773,0.2076958644052439,COMPLETE
21,0.3083969189762829,2026-04-22 00:16:30.802951,2026-04-22 00:16:30.962320,0 days 00:00:00.159369,3.9432350146751745,5.504132532343712,0.21309984822971195,COMPLETE
22,0.3100115983041231,2026-04-22 00:16:30.962352,2026-04-22 00:16:31.122137,0 days 00:00:00.159785,4.095237627813113,5.5305172911994065,0.13770085817320857,COMPLETE
23,0.30899569624700235,2026-04-22 00:16:31.122169,2026-04-22 00:16:31.279598,0 days 00:00:00.157429,4.320575594334696,5.74938662277959,0.12612292677708864,COMPLETE
24,0.1352768079887852,2026-04-22 00:16:31.279628,2026-04-22 00:16:31.437589,0 days 00:00:00.157961,4.480756731877795,5.74640020636067,0.0027073093287590666,COMPLETE
25,0.3008574575702363,2026-04-22 00:16:31.437620,2026-04-22 00:16:31.592265,0 days 00:00:00.154645,6.9733309926233025,4.1866890041928135,0.1465767668551692,COMPLETE
26,0.2587838685122429,2026-04-22 00:16:31.592303,2026-04-22 00:16:31.743772,0 days 00:00:00.151469,5.251307886614707,2.8010553822020445,0.07289348340029293,COMPLETE
27,0.2987940214589281,2026-04-22 00:16:31.743802,2026-04-22 00:16:31.901772,0 days 00:00:00.157970,3.876748701703105,5.440044299589419,0.4078342954050106,COMPLETE
28,0.31010018767945313,2026-04-22 00:16:31.901809,2026-04-22 00:16:32.063025,0 days 00:00:00.161216,6.036843177169638,7.53155091657301,0.14217327407976033,COMPLETE
29,0.3008897226305506,2026-04-22 00:16:32.063056,2026-04-22 00:16:32.217722,0 days 00:00:00.154666,8.553334198286343,7.768794939278833,0.13742975324112197,COMPLETE
30,0.1352768079887852,2026-04-22 00:16:32.217753,2026-04-22 00:16:32.361908,0 days 00:00:00.144155,7.236843720869878,8.436850902233886,0.013805295235665052,COMPLETE
31,0.302521928088957,2026-04-22 00:16:32.361941,2026-04-22 00:16:32.518320,0 days 00:00:00.156379,5.957528929000903,6.540622101239034,0.2572764810633904,COMPLETE
32,0.3095468461516809,2026-04-22 00:16:32.518354,2026-04-22 00:16:32.022326,-1 days +23:59:59.503972,4.4183963816978045,7.182601917291078,0.10957411912282244,COMPLETE
33,0.30924542023237167,2026-04-22 00:16:32.022357,2026-04-22 00:16:32.182744,0 days 00:00:00.160387,4.81269145917501,7.327560020777872,0.10595418484289665,COMPLETE
34,0.2882599142054782,2026-04-22 00:16:32.182775,2026-04-22 00:16:32.342716,0 days 00:00:00.159941,4.884678940206522,7.21752609356981,0.06623306503770691,COMPLETE
35,0.31132034513960605,2026-04-22 00:16:32.342748,2026-04-22 00:16:32.497155,0 days 00:00:00.154407,6.370158139558308,8.30125810847489,0.1391869429503593,COMPLETE
36,0.3074577415463681,2026-04-22 00:16:32.497186,2026-04-22 00:16:32.656915,0 days 00:00:00.159729,6.753868670249894,8.812608515161088,0.1725693530063006,COMPLETE
37,0.27490017670010064,2026-04-22 00:16:32.656946,2026-04-22 00:16:32.815353,0 days 00:00:00.158407,8.054616862078461,9.167556782845356,0.9794890986373999,COMPLETE
38,0.283087515198833,2026-04-22 00:16:32.815383,2026-04-22 00:16:32.970035,0 days 00:00:00.154652,9.773742960597186,8.032929805375607,0.3845911541217777,COMPLETE
39,0.2994567996720323,2026-04-22 00:16:32.970063,2026-04-22 00:16:33.123600,0 days 00:00:00.153537,5.831101371684582,9.829325096893356,0.2689043107880027,COMPLETE
40,0.28508685235452463,2026-04-22 00:16:33.123630,2026-04-22 00:16:33.292602,0 days 00:00:00.168972,6.384185178943937,6.314335823296894,0.5920155422248592,COMPLETE
41,0.3035279256263593,2026-04-22 00:16:33.292634,2026-04-22 00:16:33.453658,0 days 00:00:00.161024,4.89373292635625,7.739368885882467,0.08405748996078524,COMPLETE
42,0.30650497659276976,2026-04-22 00:16:33.453693,2026-04-22 00:16:33.618367,0 days 00:00:00.164674,5.427859268795878,8.469951596364474,0.17883957974248343,COMPLETE
43,0.27753764177165724,2026-04-22 00:16:33.618399,2026-04-22 00:16:33.780475,0 days 00:00:00.162076,7.6356566620599216,7.438126357230902,0.744724618073322,COMPLETE
44,0.136484237553014,2026-04-22 00:16:33.780519,2026-04-22 00:16:33.927868,0 days 00:00:00.147349,3.6403576879359516,7.01603595586906,0.030067768876035114,COMPLETE
45,0.3088428638115647,2026-04-22 00:16:33.927898,2026-04-22 00:16:34.086206,0 days 00:00:00.158308,6.2751332860349365,9.01051736892174,0.11617937664575748,COMPLETE
46,0.29960818881034257,2026-04-22 00:16:34.086237,2026-04-22 00:16:34.240446,0 days 00:00:00.154209,3.5283297610683895,8.173563498064068,0.3035419519782258,COMPLETE
47,0.26851369439070105,2026-04-22 00:16:34.240475,2026-04-22 00:16:34.390532,0 days 00:00:00.150057,4.974366556658187,9.494403550956605,0.05594792510365228,COMPLETE
48,0.30553628095913743,2026-04-22 00:16:34.390563,2026-04-22 00:16:34.543945,0 days 00:00:00.153382,6.62998467383464,6.1523500543505145,0.2063895837008242,COMPLETE
49,0.3089756039006165,2026-04-22 00:16:34.543976,2026-04-22 00:16:34.703645,0 days 00:00:00.159669,5.985540663571617,7.588455870702947,0.15745885949746408,COMPLETE
50,0.3095759246705813,2026-04-22 00:16:34.703675,2026-04-22 00:16:34.859443,0 days 00:00:00.155768,4.877875260073964,6.779978448044749,0.10635139797432142,COMPLETE
51,0.3100122596503446,2026-04-22 00:16:34.859474,2026-04-22 00:16:35.010931,0 days 00:00:00.151457,4.732306273916876,6.900120420020637,0.10156994391137195,COMPLETE
52,0.30526126017976773,2026-04-22 00:16:35.010972,2026-04-22 00:16:35.165119,0 days 00:00:00.154147,5.384226665723335,6.594852086304852,0.08959927896535266,COMPLETE
53,0.3025600181594441,2026-04-22 00:16:35.165150,2026-04-22 00:16:35.323560,0 days 00:00:00.158410,3.3465644629858096,6.895285124014471,0.2476576177507911,COMPLETE
54,0.21591291076316443,2026-04-22 00:16:35.323592,2026-04-22 00:16:35.471612,0 days 00:00:00.148020,4.4029475934496105,5.053441348853371,0.05117681401886886,COMPLETE
55,0.3003082118066392,2026-04-22 00:16:35.471642,2026-04-22 00:16:35.628473,0 days 00:00:00.156831,2.6892315674042195,8.697094394396588,0.19938704079174047,COMPLETE
56,0.2942942746738002,2026-04-22 00:16:35.628505,2026-04-22 00:16:35.784877,0 days 00:00:00.156372,7.26829717317096,6.07420892357468,0.30261014168333966,COMPLETE
57,0.3066207674078888,2026-04-22 00:16:35.784908,2026-04-22 00:16:35.937325,0 days 00:00:00.152417,5.5735674525984065,4.447007645964617,0.15497072433329473,COMPLETE
58,0.3088878947438824,2026-04-22 00:16:35.937354,2026-04-22 00:16:36.094027,0 days 00:00:00.156673,4.5709824658850575,7.132934928740982,0.10641475961965685,COMPLETE
59,0.1352768079887852,2026-04-22 00:16:36.094058,2026-04-22 00:16:36.240201,0 days 00:00:00.146143,4.036801981826962,6.611186249381284,0.005006444006236746,COMPLETE
60,0.30869332199242233,2026-04-22 00:16:36.240229,2026-04-22 00:16:36.398467,0 days 00:00:00.158238,5.1455386282415105,8.169054260387153,0.13838634427599908,COMPLETE
61,0.3085115744983837,2026-04-22 00:16:36.398497,2026-04-22 00:16:36.555380,0 days 00:00:00.156883,4.706881212113502,7.336877181787621,0.10457679545766677,COMPLETE
62,0.21879581594428207,2026-04-22 00:16:36.555410,2026-04-22 00:16:36.706062,0 days 00:00:00.150652,4.258458859406779,7.808954326121677,0.04452552740417136,COMPLETE
63,0.3090962904356366,2026-04-22 00:16:36.706094,2026-04-22 00:16:36.864747,0 days 00:00:00.158653,5.773614448126094,6.731144648459382,0.11254180994444252,COMPLETE
64,0.30513888340905326,2026-04-22 00:16:36.864777,2026-04-22 00:16:37.020473,0 days 00:00:00.155696,5.070716127417777,7.531327626579252,0.22477854356736768,COMPLETE
65,0.3071482924206035,2026-04-22 00:16:37.020504,2026-04-22 00:16:37.171332,0 days 00:00:00.150828,3.6848803778954564,5.344032912114679,0.1840730508006323,COMPLETE
66,0.28705784800363227,2026-04-22 00:16:37.171362,2026-04-22 00:16:37.320962,0 days 00:00:00.149600,6.013323248306962,7.20350261331223,0.07469912693452221,COMPLETE
67,0.30523591649742504,2026-04-22 00:16:37.320992,2026-04-22 00:16:37.469338,0 days 00:00:00.148346,4.643858132403052,5.951448470819343,0.27569059098243565,COMPLETE
68,0.2731597493767218,2026-04-22 00:16:37.469367,2026-04-22 00:16:37.615513,0 days 00:00:00.146146,4.144201328564092,1.5421250352641156,0.5548603481539149,COMPLETE
69,0.2980888055739398,2026-04-22 00:16:37.615551,2026-04-22 00:16:37.764870,0 days 00:00:00.149319,1.6601617910041933,5.1811803907476035,0.34686658634562406,COMPLETE
70,0.3033800617247102,2026-04-22 00:16:37.764900,2026-04-22 00:16:37.923369,0 days 00:00:00.158469,2.755579184590555,6.314255899098846,0.14356160561850764,COMPLETE
71,0.3098319234885138,2026-04-22 00:16:37.923400,2026-04-22 00:16:38.077320,0 days 00:00:00.153920,5.692499823840616,6.736746294539304,0.12079732020181339,COMPLETE
72,0.1359058323161159,2026-04-22 00:16:38.077349,2026-04-22 00:16:38.216036,0 days 00:00:00.138687,6.587659964481322,7.832280103810017,0.028893761134957632,COMPLETE
73,0.306565797003111,2026-04-22 00:16:38.216067,2026-04-22 00:16:38.376012,0 days 00:00:00.159945,5.3552190099769685,6.902189299793467,0.22381357534236462,COMPLETE
74,0.2997882548545134,2026-04-22 00:16:38.376043,2026-04-22 00:16:38.534152,0 days 00:00:00.158109,5.605894647988492,6.475096714501513,0.0858471701239958,COMPLETE
75,0.3079321405968832,2026-04-22 00:16:38.534183,2026-04-22 00:16:38.687356,0 days 00:00:00.153173,6.107951104618937,8.328339459534421,0.17121404588194114,COMPLETE
76,0.3107190426169194,2026-04-22 00:16:38.687387,2026-04-22 00:16:38.840782,0 days 00:00:00.153395,4.656533567092545,5.919811741513057,0.12308699910932833,COMPLETE
77,0.3030130673391745,2026-04-22 00:16:38.840813,2026-04-22 00:16:38.997013,0 days 00:00:00.156200,7.0345963698532685,5.767560589465816,0.12492811653262087,COMPLETE
78,0.30743539446737184,2026-04-22 00:16:38.997043,2026-04-22 00:16:39.149027,0 days 00:00:00.151984,5.118795040320333,4.805859995447633,0.18889251669540372,COMPLETE
79,0.28152545573262466,2026-04-22 00:16:39.149057,2026-04-22 00:16:39.298650,0 days 00:00:00.149593,6.373169931624203,5.908440432458198,0.6552154543714491,COMPLETE
80,0.14154517754627532,2026-04-22 00:16:39.298683,2026-04-22 00:16:39.444382,0 days 00:00:00.145699,3.865916149013858,6.8376785407461895,0.033092252202318526,COMPLETE
81,0.2995373524049187,2026-04-22 00:16:39.444413,2026-04-22 00:16:39.600075,0 days 00:00:00.155662,4.661662133207044,7.330999958195701,0.07301138356795962,COMPLETE
82,0.3100963617128227,2026-04-22 00:16:39.600106,2026-04-22 00:16:39.755236,0 days 00:00:00.155130,4.320062693470081,6.315808064433524,0.12348402626415095,COMPLETE
83,0.3094318993806297,2026-04-22 00:16:39.755267,2026-04-22 00:16:39.906905,0 days 00:00:00.151638,4.322475953076889,6.354685022145556,0.13441818881652406,COMPLETE
84,0.306944118027134,2026-04-22 00:16:39.906935,2026-04-22 00:16:40.055819,0 days 00:00:00.148884,3.340397237650518,6.107194388895409,0.15663484087509294,COMPLETE
85,0.30608648564350754,2026-04-22 00:16:40.055848,2026-04-22 00:16:40.211575,0 days 00:00:00.155727,4.957609124141839,5.634261156195051,0.23468261301909085,COMPLETE
86,0.30477379006331634,2026-04-22 00:16:40.211606,2026-04-22 00:16:40.367499,0 days 00:00:00.155893,5.637185069549942,7.04656073531762,0.09249825752615527,COMPLETE
87,0.211772821347226,2026-04-22 00:16:40.367530,2026-04-22 00:16:40.517636,0 days 00:00:00.150106,5.309813134905802,5.279062459012167,0.052721572950574024,COMPLETE
88,0.3081875298354422,2026-04-22 00:16:40.517667,2026-04-22 00:16:40.672507,0 days 00:00:00.154840,4.441987249828658,6.649174657956748,0.16961764145128885,COMPLETE
89,0.28830567434718796,2026-04-22 00:16:40.672537,2026-04-22 00:16:40.824170,0 days 00:00:00.151633,0.05017387265783846,4.524344099244174,0.12421581242945086,COMPLETE
90,0.30426541901467435,2026-04-22 00:16:40.824202,2026-04-22 00:16:40.980169,0 days 00:00:00.155967,3.782301142326358,7.955361427431757,0.19605210485634217,COMPLETE
91,0.30998165697780206,2026-04-22 00:16:40.980201,2026-04-22 00:16:41.134644,0 days 00:00:00.154443,4.273033583017899,6.493389573156078,0.1352493158266111,COMPLETE
92,0.3085919918268508,2026-04-22 00:16:41.134675,2026-04-22 00:16:41.291229,0 days 00:00:00.156554,4.167885764202974,6.417208364150926,0.0979137079632865,COMPLETE
93,0.3085780858054752,2026-04-22 00:16:41.291261,2026-04-22 00:16:41.451696,0 days 00:00:00.160435,4.859879212466561,7.5663991499032885,0.1492539417864063,COMPLETE
94,0.307353266389912,2026-04-22 00:16:41.451729,2026-04-22 00:16:41.604344,0 days 00:00:00.152615,3.4712831825848163,5.969188188059117,0.11779009549590153,COMPLETE
95,0.29977433009893795,2026-04-22 00:16:41.604375,2026-04-22 00:16:41.755063,0 days 00:00:00.150688,4.5589135941841805,6.769274093425797,0.07377449520180449,COMPLETE
96,0.1352768079887852,2026-04-22 00:16:41.755093,2026-04-22 00:16:41.896986,0 days 00:00:00.141893,4.045808136689086,5.545844369354708,0.02441685538782859,COMPLETE
97,0.3002740058587062,2026-04-22 00:16:41.897018,2026-04-22 00:16:42.052578,0 days 00:00:00.155560,3.1519639243319517,8.73504655099867,0.20489225813715456,COMPLETE
98,0.3084622041849724,2026-04-22 00:16:42.052610,2026-04-22 00:16:42.205451,0 days 00:00:00.152841,4.77639937590748,7.033213792092647,0.15770592364586436,COMPLETE
99,0.3042969849328858,2026-04-22 00:16:42.205480,2026-04-22 00:16:42.354891,0 days 00:00:00.149411,5.465750031778923,6.281752553553211,0.27690058748411184,COMPLETE
100,0.24082022851589227,2026-04-22 00:16:42.354921,2026-04-22 00:16:42.503786,0 days 00:00:00.148865,6.2065855976781314,7.615191931646185,0.05838621827724236,COMPLETE
101,0.3100639507113503,2026-04-22 00:16:42.503820,2026-04-22 00:16:42.659377,0 days 00:00:00.155557,4.2408223177534214,6.3558644934919855,0.11484429353362817,COMPLETE
102,0.2853071131225654,2026-04-22 00:16:42.659409,2026-04-22 00:16:42.812360,0 days 00:00:00.152951,4.343190719339062,5.832021258569965,0.8301485396872883,COMPLETE
103,0.3109412271173015,2026-04-22 00:16:42.812394,2026-04-22 00:16:42.968543,0 days 00:00:00.156149,5.900272852217714,6.520200016640278,0.1336122160184342,COMPLETE
104,0.2922165879434843,2026-04-22 00:16:42.968574,2026-04-22 00:16:43.121343,0 days 00:00:00.152769,0.5089893846039892,6.0879203175532615,0.13429821103615514,COMPLETE
105,0.30751089657252867,2026-04-22 00:16:43.121374,2026-04-22 00:16:43.276485,0 days 00:00:00.155111,6.776731776261648,6.5309244281356955,0.17763528585302496,COMPLETE
106,0.29457407289164206,2026-04-22 00:16:43.276518,2026-04-22 00:16:43.430859,0 days 00:00:00.154341,5.868399164938526,5.061780694986159,0.0897034999297425,COMPLETE
107,0.1352768079887852,2026-04-22 00:16:43.430890,2026-04-22 00:16:43.586175,0 days 00:00:00.155285,5.152821688872631,6.7710129402575285,0.00048741693472219294,COMPLETE
108,0.3050680885656978,2026-04-22 00:16:43.586207,2026-04-22 00:16:43.737054,0 days 00:00:00.150847,6.519437633839893,5.411760583484514,0.11510685398020593,COMPLETE
109,0.2984570954692915,2026-04-22 00:16:43.737084,2026-04-22 00:16:43.888918,0 days 00:00:00.151834,5.811926309007848,3.130441105135482,0.2167320382284951,COMPLETE
110,0.2843720715686634,2026-04-22 00:16:43.888950,2026-04-22 00:16:44.042843,0 days 00:00:00.153893,5.003680186861001,6.511371150378962,0.7750002909296525,COMPLETE
111,0.3079123257907132,2026-04-22 00:16:44.042873,2026-04-22 00:16:44.200083,0 days 00:00:00.157210,3.9683004970589173,7.100861108437035,0.09920988840591496,COMPLETE
112,0.3094837879978978,2026-04-22 00:16:44.200150,2026-04-22 00:16:44.358023,0 days 00:00:00.157873,4.541391458211375,7.288042603914576,0.13759737656985221,COMPLETE
113,0.3086126462939448,2026-04-22 00:16:44.358053,2026-04-22 00:16:44.514632,0 days 00:00:00.156579,4.208715403364577,6.165914355781365,0.16831258960075568,COMPLETE
114,0.27666464545273867,2026-04-22 00:16:44.514662,2026-04-22 00:16:44.673938,0 days 00:00:00.159276,4.821951796265149,6.886980155327983,0.06260490625148826,COMPLETE
115,0.1645610635676739,2026-04-22 00:16:44.673969,2026-04-22 00:16:44.823240,0 days 00:00:00.149271,5.266839599001261,6.260767626117443,0.040999508002561025,COMPLETE
116,0.3061359303647108,2026-04-22 00:16:44.823271,2026-04-22 00:16:44.981628,0 days 00:00:00.158357,3.5760441222760475,7.4551268430062265,0.1174959540289991,COMPLETE
117,0.3103875397568629,2026-04-22 00:16:44.981660,2026-04-22 00:16:45.136094,0 days 00:00:00.154434,5.508499457803604,5.685091651767968,0.14722544389386832,COMPLETE
118,0.29041066334781335,2026-04-22 00:16:45.136126,2026-04-22 00:16:45.288151,0 days 00:00:00.152025,6.095651162468452,5.558382837371106,0.44500688607245464,COMPLETE
119,0.3061177872630518,2026-04-22 00:16:45.288181,2026-04-22 00:16:45.437393,0 days 00:00:00.149212,5.737184568721164,4.881081153425519,0.18570090669296002,COMPLETE
120,0.3034595416948413,2026-04-22 00:16:45.437423,2026-04-22 00:16:45.592268,0 days 00:00:00.154845,5.5119523266448756,5.688928925788139,0.24691023243952676,COMPLETE
121,0.30898362920985556,2026-04-22 00:16:45.592296,2026-04-22 00:16:45.743422,0 days 00:00:00.151126,3.789011471469079,6.669611497414752,0.15037578110524508,COMPLETE
122,0.25845589565406907,2026-04-22 00:16:45.743453,2026-04-22 00:16:45.897332,0 days 00:00:00.153879,4.711853596349607,0.005562755946734832,0.08145901591501825,COMPLETE
123,0.309810487810732,2026-04-22 00:16:45.897364,2026-04-22 00:16:46.047059,0 days 00:00:00.149695,4.43908344537739,6.416259325461099,0.10403157697939067,COMPLETE
124,0.30819221169530214,2026-04-22 00:16:46.047092,2026-04-22 00:16:46.205369,0 days 00:00:00.158277,6.289450382697594,6.011545297180385,0.12560335966703964,COMPLETE
125,0.30904017687590907,2026-04-22 00:16:46.205401,2026-04-22 00:16:46.356825,0 days 00:00:00.151424,5.143557338430088,6.30748933623297,0.100948349078035,COMPLETE
126,0.3093020663483591,2026-04-22 00:16:46.356855,2026-04-22 00:16:46.507481,0 days 00:00:00.150626,4.420219513815337,5.760124893040093,0.14546405131694345,COMPLETE
127,0.2518498813753566,2026-04-22 00:16:46.507510,2026-04-22 00:16:46.656423,0 days 00:00:00.148913,5.970867431652071,6.463139698644315,0.06278665131139197,COMPLETE
128,0.30950629038638494,2026-04-22 00:16:46.656453,2026-04-22 00:16:46.808176,0 days 00:00:00.151723,4.150823138593107,5.869991203120069,0.16369112378561348,COMPLETE
129,0.30385668196697635,2026-04-22 00:16:46.808207,2026-04-22 00:16:46.962849,0 days 00:00:00.154642,6.815534780365206,5.2122023245631395,0.19495657396473498,COMPLETE
130,0.2990948775108531,2026-04-22 00:16:46.962879,2026-04-22 00:16:47.116082,0 days 00:00:00.153203,5.421360529011067,6.940036598835018,0.08218263267766233,COMPLETE
131,0.30881188684740546,2026-04-22 00:16:47.116113,2026-04-22 00:16:47.277008,0 days 00:00:00.160895,4.4953691543609215,7.191693285162344,0.1420344123827906,COMPLETE
132,0.30948950588117746,2026-04-22 00:16:47.277040,2026-04-22 00:16:47.434232,0 days 00:00:00.157192,4.895790246733006,6.675955575659302,0.10960766766493805,COMPLETE
133,0.3080603863094187,2026-04-22 00:16:47.434263,2026-04-22 00:16:47.587533,0 days 00:00:00.153270,4.015174952240649,6.244214145063664,0.12831526782078545,COMPLETE
134,0.3077582539042379,2026-04-22 00:16:47.587562,2026-04-22 00:16:47.740766,0 days 00:00:00.153204,4.2583033967798185,6.534016413268144,0.0952102712803051,COMPLETE
135,0.28844475634139843,2026-04-22 00:16:47.740796,2026-04-22 00:16:47.899955,0 days 00:00:00.159159,9.576232081214258,6.865841456712536,0.16706561221434738,COMPLETE
136,0.18880356617537752,2026-04-22 00:16:47.899987,2026-04-22 00:16:48.052846,0 days 00:00:00.152859,5.058585341757426,8.18543216726588,0.04075618640606153,COMPLETE
137,0.30907539986936955,2026-04-22 00:16:48.052879,2026-04-22 00:16:48.209663,0 days 00:00:00.156784,4.666411499947147,6.058224804762793,0.10806101467466198,COMPLETE
138,0.3007391751471763,2026-04-22 00:16:48.209695,2026-04-22 00:16:48.370285,0 days 00:00:00.160590,3.777504642113372,7.713385015820819,0.07380893924619061,COMPLETE
139,0.30845800063078727,2026-04-22 00:16:48.370314,2026-04-22 00:16:48.530435,0 days 00:00:00.160121,4.421079082390486,7.088965780556232,0.12963182151752775,COMPLETE
140,0.3079946434988711,2026-04-22 00:16:48.530466,2026-04-22 00:16:48.693537,0 days 00:00:00.163071,5.60299870458552,6.397758217347917,0.19164639202758083,COMPLETE
141,0.3087493824272294,2026-04-22 00:16:48.693568,2026-04-22 00:16:48.853699,0 days 00:00:00.160131,4.139441720778806,5.823031970857278,0.15841714516531819,COMPLETE
142,0.29481388237651995,2026-04-22 00:16:48.853729,2026-04-22 00:16:49.010161,0 days 00:00:00.156432,4.257929115948316,5.43514925271282,0.5011868158781839,COMPLETE
143,0.30814249468512717,2026-04-22 00:16:49.010193,2026-04-22 00:16:49.168724,0 days 00:00:00.158531,3.914792358948611,6.040525400176365,0.16305958902803452,COMPLETE
144,0.2853654406308299,2026-04-22 00:16:49.168753,2026-04-22 00:16:49.322537,0 days 00:00:00.153784,4.712256468242313,6.69827089832201,0.8816487578649318,COMPLETE
145,0.307707192889565,2026-04-22 00:16:49.322567,2026-04-22 00:16:49.478272,0 days 00:00:00.155705,6.501799108825629,5.793839181818948,0.12235492142902497,COMPLETE
146,0.30562566678154424,2026-04-22 00:16:49.478302,2026-04-22 00:16:49.631307,0 days 00:00:00.153005,5.291889190886234,7.376323243217456,0.09432492443465139,COMPLETE
147,0.3100564529339335,2026-04-22 00:16:49.631336,2026-04-22 00:16:49.785867,0 days 00:00:00.154531,4.088119921580319,6.231246638179167,0.14025533749260263,COMPLETE
148,0.31018527697673587,2026-04-22 00:16:49.785897,2026-04-22 00:16:49.942738,0 days 00:00:00.156841,4.933425356080762,6.481207427338599,0.13793305276519774,COMPLETE
149,0.3085955652694301,2026-04-22 00:16:49.942770,2026-04-22 00:16:50.100633,0 days 00:00:00.157863,4.978396322220577,6.2629970833536275,0.20908561201725534,COMPLETE
150,0.3065866883772022,2026-04-22 00:16:50.100665,2026-04-22 00:16:50.254636,0 days 00:00:00.153971,3.379104718736859,6.4939332846885724,0.18404982133650657,COMPLETE
151,0.3077065282634612,2026-04-22 00:16:50.254666,2026-04-22 00:16:50.413304,0 days 00:00:00.158638,4.430933157746904,6.835784864448283,0.14017876607619933,COMPLETE
152,0.3096004103210038,2026-04-22 00:16:50.413334,2026-04-22 00:16:50.569179,0 days 00:00:00.155845,4.58560498723828,6.627173743520799,0.11097711453896275,COMPLETE
153,0.3086707400532999,2026-04-22 00:16:50.569210,2026-04-22 00:16:50.724019,0 days 00:00:00.154809,4.6150542723923085,6.19636098201787,0.11127429054574767,COMPLETE
154,0.3100239564192513,2026-04-22 00:16:50.724049,2026-04-22 00:16:50.877420,0 days 00:00:00.153371,4.862755906184086,6.6345943408843455,0.14430471056199132,COMPLETE
155,0.3110400811496436,2026-04-22 00:16:50.877451,2026-04-22 00:16:51.032453,0 days 00:00:00.155002,6.100075126231867,6.594451334742828,0.14526921615104713,COMPLETE
156,0.3110355100129409,2026-04-22 00:16:51.032484,2026-04-22 00:16:51.188200,0 days 00:00:00.155716,5.912720350310798,6.384525061135086,0.14726665590730068,COMPLETE
157,0.31090863731536633,2026-04-22 00:16:51.188230,2026-04-22 00:16:51.344860,0 days 00:00:00.156630,6.109257338713214,6.009051436172526,0.14892752232857043,COMPLETE
158,0.3080127956549428,2026-04-22 00:16:51.344889,2026-04-22 00:16:51.498558,0 days 00:00:00.153669,6.068836867006356,5.989740367108513,0.1535725779624571,COMPLETE
159,0.3046856840215193,2026-04-22 00:16:51.498589,2026-04-22 00:16:51.656646,0 days 00:00:00.158057,6.1762502344198635,9.01737349520536,0.2227105664488322,COMPLETE
160,0.30743362981813915,2026-04-22 00:16:51.656678,2026-04-22 00:16:51.813499,0 days 00:00:00.156821,6.429190041976435,5.57265396222123,0.1777050861136669,COMPLETE
161,0.3102845746874951,2026-04-22 00:16:51.813528,2026-04-22 00:16:51.963670,0 days 00:00:00.150142,5.7906305123534105,6.135851632446606,0.14138338192663497,COMPLETE
162,0.30956443623103425,2026-04-22 00:16:51.963697,2026-04-22 00:16:52.116989,0 days 00:00:00.153292,5.685412976326264,6.202766875293172,0.14322281039271828,COMPLETE
163,0.30869021277384273,2026-04-22 00:16:52.117019,2026-04-22 00:16:52.273256,0 days 00:00:00.156237,5.93229658882193,5.898555149824179,0.17369108496864885,COMPLETE
164,0.3103207575321385,2026-04-22 00:16:52.273284,2026-04-22 00:16:52.429888,0 days 00:00:00.156604,5.915012138952175,6.396422099189691,0.13924851958707152,COMPLETE
165,0.3104128843145704,2026-04-22 00:16:52.429918,2026-04-22 00:16:52.585202,0 days 00:00:00.155284,5.858410788001191,5.653791438400231,0.15182406414165808,COMPLETE
166,0.3087375024040185,2026-04-22 00:16:52.585234,2026-04-22 00:16:52.741763,0 days 00:00:00.156529,6.20698945800908,6.1084135836291935,0.15269844067071392,COMPLETE
167,0.3079119004107143,2026-04-22 00:16:52.741792,2026-04-22 00:16:52.895898,0 days 00:00:00.154106,5.88462331633592,6.3743473704830045,0.20579650641863576,COMPLETE
168,0.30751650149911025,2026-04-22 00:16:52.895938,2026-04-22 00:16:53.050436,0 days 00:00:00.154498,6.32584000112637,5.644559789437043,0.13364032752630453,COMPLETE
169,0.30898447951100233,2026-04-22 00:16:53.050467,2026-04-22 00:16:53.210851,0 days 00:00:00.160384,5.816946638734852,5.929170122007767,0.18201935502546696,COMPLETE
170,0.26893495940189294,2026-04-22 00:16:53.210883,2026-04-22 00:16:53.363550,0 days 00:00:00.152667,6.691884179318025,5.325369671430973,0.08208559047098185,COMPLETE
171,0.3098123393643236,2026-04-22 00:16:53.363578,2026-04-22 00:16:53.518396,0 days 00:00:00.154818,5.508228606576405,5.613670893353938,0.15079097521111043,COMPLETE
172,0.3096048915435582,2026-04-22 00:16:53.518426,2026-04-22 00:16:53.683790,0 days 00:00:00.165364,6.993950176125381,9.490272711533436,0.12562799753314158,COMPLETE
173,0.3084111220384325,2026-04-22 00:16:53.683823,2026-04-22 00:16:53.840219,0 days 00:00:00.156396,6.071135004158676,5.07968818560851,0.15880237439420175,COMPLETE
174,0.3090555549990131,2026-04-22 00:16:53.840247,2026-04-22 00:16:53.997708,0 days 00:00:00.157461,5.629616740663954,6.143513071108646,0.12842971485105495,COMPLETE
175,0.3094695154860312,2026-04-22 00:16:53.997738,2026-04-22 00:16:54.151614,0 days 00:00:00.153876,5.299983539321354,6.366816615896967,0.1935468676407333,COMPLETE
176,0.3101332758456982,2026-04-22 00:16:54.151644,2026-04-22 00:16:54.304020,0 days 00:00:00.152376,5.9330821941876675,6.595553291304472,0.16929111407756361,COMPLETE
177,0.3076389807356054,2026-04-22 00:16:54.304051,2026-04-22 00:16:54.461397,0 days 00:00:00.157346,5.876459648373574,7.019683603740173,0.1706578818058713,COMPLETE
178,0.31046777712820744,2026-04-22 00:16:54.461427,2026-04-22 00:16:54.619528,0 days 00:00:00.158101,6.127860013271891,6.640641035153294,0.14684250552699132,COMPLETE
179,0.3099386727947412,2026-04-22 00:16:54.619558,2026-04-22 00:16:54.775441,0 days 00:00:00.155883,6.436909908572134,6.5423009321127115,0.1443662242977458,COMPLETE
180,0.3049475839874085,2026-04-22 00:16:54.775473,2026-04-22 00:16:54.928556,0 days 00:00:00.153083,6.284395106376465,6.680190312413581,0.22783813675873452,COMPLETE
181,0.30983178256473287,2026-04-22 00:16:54.928589,2026-04-22 00:16:55.086232,0 days 00:00:00.157643,5.9846144462835085,6.333492511797278,0.1197392788901538,COMPLETE
182,0.29604256072399504,2026-04-22 00:16:55.086262,2026-04-22 00:16:55.240309,0 days 00:00:00.154047,6.186574824657047,6.881873712762504,0.38010378138370676,COMPLETE
183,0.304823790896351,2026-04-22 00:16:55.240341,2026-04-22 00:16:55.397973,0 days 00:00:00.157632,5.529343422709689,6.648237965321311,0.09395761443311033,COMPLETE
184,0.30849561214114274,2026-04-22 00:16:55.398139,2026-04-22 00:16:55.557327,0 days 00:00:00.159188,5.734581183579782,5.99226230919071,0.1670866934726497,COMPLETE
185,0.3111976358096017,2026-04-22 00:16:55.557357,2026-04-22 00:16:55.712517,0 days 00:00:00.155160,6.06738229076598,6.469900413081888,0.14316532283128552,COMPLETE
186,0.31061804425970585,2026-04-22 00:16:55.712547,2026-04-22 00:16:55.865994,0 days 00:00:00.153447,6.03316846912015,6.1650350209476095,0.14146989264477067,COMPLETE
187,0.3069594958175128,2026-04-22 00:16:55.866023,2026-04-22 00:16:56.019503,0 days 00:00:00.153480,6.590240845214384,6.188888131021469,0.18638542586684065,COMPLETE
188,0.30967865736111405,2026-04-22 00:16:56.019531,2026-04-22 00:16:56.172845,0 days 00:00:00.153314,6.0225319040410294,5.752389767762857,0.1345325349382231,COMPLETE
189,0.30721134470467515,2026-04-22 00:16:56.172874,2026-04-22 00:16:56.328446,0 days 00:00:00.155572,6.379194237554115,6.354161088975778,0.1629910186959714,COMPLETE
190,0.30729027639165235,2026-04-22 00:16:56.328476,2026-04-22 00:16:56.482620,0 days 00:00:00.154144,5.811470731525491,6.072986061937753,0.2045683166689074,COMPLETE
191,0.30856940408115135,2026-04-22 00:16:56.482651,2026-04-22 00:16:56.643489,0 days 00:00:00.160838,6.178826320705802,6.564158640839361,0.15010738126277792,COMPLETE
192,0.31010815520818225,2026-04-22 00:16:56.643519,2026-04-22 00:16:56.800960,0 days 00:00:00.157441,6.071417591223897,6.469920544497143,0.12154489279684255,COMPLETE
193,0.30849605304397015,2026-04-22 00:16:56.800992,2026-04-22 00:16:56.986545,0 days 00:00:00.185553,6.036031734845142,6.231797002530253,0.11699376874187722,COMPLETE
194,0.29747466465565164,2026-04-22 00:16:56.986577,2026-04-22 00:16:57.144211,0 days 00:00:00.157634,5.771382118989427,2.160787733607333,0.12785612801643573,COMPLETE
195,0.30304991723316255,2026-04-22 00:16:57.144243,2026-04-22 00:16:57.305925,0 days 00:00:00.161682,6.287317594237901,6.402960580277818,0.1027715095448673,COMPLETE
196,0.3075619252548947,2026-04-22 00:16:57.305957,2026-04-22 00:16:57.459168,0 days 00:00:00.153211,6.547111165049672,5.965952219120053,0.1741808872179104,COMPLETE
197,0.2934231480159874,2026-04-22 00:16:57.459200,2026-04-22 00:16:57.613807,0 days 00:00:00.154607,6.023714808332053,5.809784462927191,0.08587417767432723,COMPLETE
198,0.28065305090292514,2026-04-22 00:16:57.613835,2026-04-22 00:16:57.771287,0 days 00:00:00.157452,6.781284934677661,6.167472657620915,0.6399999926944362,COMPLETE
199,0.3086520959506692,2026-04-22 00:16:57.771318,2026-04-22 00:16:57.931997,0 days 00:00:00.160679,5.4895858714796,6.500811821611444,0.1400817413833828,COMPLETE
200,0.30905976884406555,2026-04-22 00:16:57.932028,2026-04-22 00:16:58.090448,0 days 00:00:00.158420,5.895616905302103,6.822049868638821,0.11799063171167017,COMPLETE
201,0.3084574393372379,2026-04-22 00:16:58.090475,2026-04-22 00:16:58.245148,0 days 00:00:00.154673,6.183577673959078,6.630072759963038,0.15142733417301432,COMPLETE
202,0.30975120599707967,2026-04-22 00:16:58.245179,2026-04-22 00:16:58.397283,0 days 00:00:00.152104,5.668461037722603,6.426002648456347,0.14195664857082635,COMPLETE
203,0.3092695594572855,2026-04-22 00:16:58.397313,2026-04-22 00:16:58.552697,0 days 00:00:00.155384,5.878850521828,6.749083085699829,0.15289319942914092,COMPLETE
204,0.3080829445217033,2026-04-22 00:16:58.552734,2026-04-22 00:16:58.709120,0 days 00:00:00.156386,6.413190350775571,6.325023920374411,0.178399454328737,COMPLETE
205,0.31144129197447656,2026-04-22 00:16:58.709153,2026-04-22 00:16:58.865751,0 days 00:00:00.156598,5.393133830367958,6.09264636828853,0.12366581951034616,COMPLETE
206,0.3082066599157708,2026-04-22 00:16:58.865785,2026-04-22 00:16:59.020540,0 days 00:00:00.154755,5.647457327850232,5.992026914371562,0.11053927704018206,COMPLETE
207,0.309849643581,2026-04-22 00:16:59.020571,2026-04-22 00:16:59.181866,0 days 00:00:00.161295,5.355733502188545,5.874138443718911,0.12341328998654486,COMPLETE
208,0.27038994167646263,2026-04-22 00:16:59.181896,2026-04-22 00:16:59.335353,0 days 00:00:00.153457,6.103128585320804,6.162324060338942,0.07173049739522809,COMPLETE
209,0.3085129895350554,2026-04-22 00:16:59.335383,2026-04-22 00:16:59.490135,0 days 00:00:00.154752,5.7512444807767835,5.562571188897701,0.16626453189268037,COMPLETE
210,0.3065245035563349,2026-04-22 00:16:59.490164,2026-04-22 00:16:59.648442,0 days 00:00:00.158278,5.40184668541878,6.246180842500711,0.09773606870209567,COMPLETE
211,0.30934409287394593,2026-04-22 00:16:59.648478,2026-04-22 00:16:59.809278,0 days 00:00:00.160800,5.134064189998192,6.5559026924461135,0.13148844739820534,COMPLETE
212,0.31013756191571357,2026-04-22 00:16:59.809317,2026-04-22 00:16:59.963205,0 days 00:00:00.153888,6.076589064419257,6.993020237752692,0.1428009240240803,COMPLETE
213,0.3109563486623001,2026-04-22 00:16:59.963238,2026-04-22 00:17:00.122630,0 days 00:00:00.159392,6.066033323581503,7.003146859155585,0.16103916748047137,COMPLETE
214,0.3102305649125557,2026-04-22 00:17:00.122661,2026-04-22 00:17:00.278146,0 days 00:00:00.155485,5.858399730680936,6.871349182849058,0.16483399203313898,COMPLETE
215,0.3096274206090137,2026-04-22 00:17:00.278177,2026-04-22 00:17:00.435959,0 days 00:00:00.157782,6.000958060380976,7.0894412023293425,0.19076958948172038,COMPLETE
216,0.30745655887965656,2026-04-22 00:17:00.435988,2026-04-22 00:17:00.591787,0 days 00:00:00.155799,6.261092943395135,7.286457723599016,0.16544884866939477,COMPLETE
217,0.31003537693759786,2026-04-22 00:17:00.591818,2026-04-22 00:17:00.750149,0 days 00:00:00.158331,5.90000278651723,6.951032635998371,0.1571815362101269,COMPLETE
218,0.3068363012466576,2026-04-22 00:17:00.750180,2026-04-22 00:17:00.907454,0 days 00:00:00.157274,6.1204797564408695,7.034901157387145,0.185775320366586,COMPLETE
219,0.30831567124015563,2026-04-22 00:17:00.907484,2026-04-22 00:17:01.064840,0 days 00:00:00.157356,5.62752405164218,6.818082211850637,0.13375019550782427,COMPLETE
220,0.30928003283013383,2026-04-22 00:17:01.064875,2026-04-22 00:17:01.221003,0 days 00:00:00.156128,6.468959274035763,7.226415864538097,0.16448390186250936,COMPLETE
221,0.30824518507152976,2026-04-22 00:17:01.221035,2026-04-22 00:17:01.385593,0 days 00:00:00.164558,5.888193783333446,6.447752481037699,0.11363478224779996,COMPLETE
222,0.31055066415626054,2026-04-22 00:17:01.385627,2026-04-22 00:17:01.547088,0 days 00:00:00.161461,6.273550333214688,6.718505911715844,0.1408972797432785,COMPLETE
223,0.30954970089449774,2026-04-22 00:17:01.547120,2026-04-22 00:17:01.703312,0 days 00:00:00.156192,6.242768279499637,6.690859829885466,0.14499975478237914,COMPLETE
224,0.31086915249288977,2026-04-22 00:17:01.703342,2026-04-22 00:17:01.861912,0 days 00:00:00.158570,6.063335236770895,6.766497018186012,0.13130224850628153,COMPLETE
225,0.3105447617284614,2026-04-22 00:17:01.861947,2026-04-22 00:17:02.018115,0 days 00:00:00.156168,6.369721296176253,6.980744270723834,0.15367765497735006,COMPLETE
226,0.30742529206625197,2026-04-22 00:17:02.018144,2026-04-22 00:17:02.173231,0 days 00:00:00.155087,6.677141256340763,6.909662253285198,0.1764027134952202,COMPLETE
227,0.2780124076814484,2026-04-22 00:17:02.173262,2026-04-22 00:17:02.333249,0 days 00:00:00.159987,6.273479275223661,6.77933246302944,0.9917045849427771,COMPLETE
228,0.30645011499260266,2026-04-22 00:17:02.333279,2026-04-22 00:17:02.491571,0 days 00:00:00.158292,6.0660077162954416,7.129802978600308,0.20521906600823228,COMPLETE
229,0.30839849299401617,2026-04-22 00:17:02.491603,2026-04-22 00:17:02.648718,0 days 00:00:00.157115,6.410516200356018,6.582398660414181,0.15362924673148468,COMPLETE
230,0.31160188760874535,2026-04-22 00:17:02.648747,2026-04-22 00:17:02.806194,0 days 00:00:00.157447,5.7587581618099986,6.835779708686808,0.13234135611026618,COMPLETE
231,0.30984903772034555,2026-04-22 00:17:02.806226,2026-04-22 00:17:02.960910,0 days 00:00:00.154684,5.7727388751094,6.859243080156045,0.13273879231442598,COMPLETE
232,0.31156192147597356,2026-04-22 00:17:02.960940,2026-04-22 00:17:03.115818,0 days 00:00:00.154878,6.031247350554016,7.037823869088353,0.15806551514368392,COMPLETE
233,0.309247535461734,2026-04-22 00:17:03.115849,2026-04-22 00:17:03.269776,0 days 00:00:00.153927,5.604667206185954,7.088675698341068,0.15840446385470222,COMPLETE
234,0.30512802296556774,2026-04-22 00:17:03.269808,2026-04-22 00:17:03.427338,0 days 00:00:00.157530,5.9146361117239215,9.829183694747956,0.1726993306134069,COMPLETE
235,0.31130417609007693,2026-04-22 00:17:03.427368,2026-04-22 00:17:03.582643,0 days 00:00:00.155275,6.17276712314128,7.022298844739477,0.1445663004710093,COMPLETE
236,0.3075510757275348,2026-04-22 00:17:03.582672,2026-04-22 00:17:03.737970,0 days 00:00:00.155298,6.556111188655671,6.992292706366125,0.13314376872636494,COMPLETE
237,0.31124494757200094,2026-04-22 00:17:03.738001,2026-04-22 00:17:03.893531,0 days 00:00:00.155530,6.289033168571451,7.194429127552681,0.14643576804214675,COMPLETE
238,0.3041249897453163,2026-04-22 00:17:03.893563,2026-04-22 00:17:04.057880,0 days 00:00:00.164317,6.894660703543263,7.464139299789206,0.10732167173832519,COMPLETE
239,0.3106975330843319,2026-04-22 00:17:04.057912,2026-04-22 00:17:04.216163,0 days 00:00:00.158251,6.249152029529133,7.385485211181383,0.1498422999048754,COMPLETE
240,0.30724388401586084,2026-04-22 00:17:04.216194,2026-04-22 00:17:03.708044,-1 days +23:59:59.491850,6.355729763882081,7.368259359394626,0.18879777102834053,COMPLETE
241,0.3104126784747656,2026-04-22 00:17:03.708075,2026-04-22 00:17:03.863636,0 days 00:00:00.155561,6.243414653008813,7.168548067230215,0.14900909709143464,COMPLETE
242,0.3108249119679903,2026-04-22 00:17:03.863668,2026-04-22 00:17:04.021585,0 days 00:00:00.157917,6.26650316834782,7.192678681723203,0.15556281804945835,COMPLETE
243,0.30851611053444955,2026-04-22 00:17:04.021618,2026-04-22 00:17:04.179983,0 days 00:00:00.158365,6.55215782793299,7.338347899084176,0.15138114478096115,COMPLETE
244,0.30957864909282046,2026-04-22 00:17:04.180014,2026-04-22 00:17:04.335132,0 days 00:00:00.155118,6.278673300326589,7.923780055959042,0.12715818497973394,COMPLETE
245,0.3096803593715071,2026-04-22 00:17:04.335162,2026-04-22 00:17:04.491621,0 days 00:00:00.156459,6.29287452594787,7.644371102314175,0.15516543222182008,COMPLETE
246,0.308841168153172,2026-04-22 00:17:04.491653,2026-04-22 00:17:04.653120,0 days 00:00:00.161467,6.671973290620108,7.174636234664871,0.14676164747028395,COMPLETE
247,0.3093822926259521,2026-04-22 00:17:04.653152,2026-04-22 00:17:04.817983,0 days 00:00:00.164831,6.1252572360157425,7.461027893949765,0.10815114455697379,COMPLETE
248,0.30937139630094884,2026-04-22 00:17:04.818017,2026-04-22 00:17:04.980471,0 days 00:00:00.162454,6.439247794835271,7.187354312755885,0.12434900276257797,COMPLETE
249,0.3062068694247544,2026-04-22 00:17:04.980503,2026-04-22 00:17:05.151557,0 days 00:00:00.171054,7.263419388342862,8.59695827329222,0.18276090475241463,COMPLETE
250,0.3087240169192888,2026-04-22 00:17:05.151590,2026-04-22 00:17:05.313355,0 days 00:00:00.161765,6.101631173190912,7.25506067765592,0.14027870116405045,COMPLETE
251,0.3018954728096298,2026-04-22 00:17:05.313388,2026-04-22 00:17:05.474044,0 days 00:00:00.160656,6.264351147719922,7.0574422348405355,0.09128382430723073,COMPLETE
252,0.30960853113711945,2026-04-22 00:17:05.474077,2026-04-22 00:17:05.630123,0 days 00:00:00.156046,5.740391039401587,6.861072936597,0.16065351812918724,COMPLETE
253,0.309646055898939,2026-04-22 00:17:05.630153,2026-04-22 00:17:05.783124,0 days 00:00:00.152971,6.477361325967983,7.313714055795674,0.12250683320203495,COMPLETE
254,0.3072712141189019,2026-04-22 00:17:05.783154,2026-04-22 00:17:05.939848,0 days 00:00:00.156694,6.004190986652087,7.6091120625584585,0.1947784550255715,COMPLETE
255,0.3085613884284925,2026-04-22 00:17:05.939878,2026-04-22 00:17:06.093399,0 days 00:00:00.153521,6.194988002627577,6.73893730483419,0.14370691344796285,COMPLETE
256,0.3086933695341631,2026-04-22 00:17:06.093428,2026-04-22 00:17:06.246961,0 days 00:00:00.153533,5.484413942907946,7.002800900430749,0.16856727103112562,COMPLETE
257,0.293001884544462,2026-04-22 00:17:06.246992,2026-04-22 00:17:06.399166,0 days 00:00:00.152174,5.881437231172156,7.163112975092595,0.521409539644389,COMPLETE
258,0.30429099047871355,2026-04-22 00:17:06.399198,2026-04-22 00:17:06.553432,0 days 00:00:00.154234,6.6862759032473384,6.647726732811398,0.10762562635598052,COMPLETE
259,0.31144586071115704,2026-04-22 00:17:06.553462,2026-04-22 00:17:06.712708,0 days 00:00:00.159246,6.37324566532535,6.780328605221206,0.136120921581925,COMPLETE
260,0.3078103452014454,2026-04-22 00:17:06.712739,2026-04-22 00:17:06.873438,0 days 00:00:00.160699,6.37501163838508,6.7662129510126015,0.12601084109949895,COMPLETE
261,0.30794681814162655,2026-04-22 00:17:06.873649,2026-04-22 00:17:07.033315,0 days 00:00:00.159666,6.574547564313901,6.924103357753808,0.1754567432510526,COMPLETE
262,0.3047776006865974,2026-04-22 00:17:07.033345,2026-04-22 00:17:07.189830,0 days 00:00:00.156485,6.131917632700586,7.123451090599493,0.09562315775516338,COMPLETE
263,0.30931098157736686,2026-04-22 00:17:07.189859,2026-04-22 00:17:07.344583,0 days 00:00:00.154724,6.341249251972718,8.347130165159136,0.152933915190591,COMPLETE
264,0.31002601889613324,2026-04-22 00:17:07.344614,2026-04-22 00:17:07.503297,0 days 00:00:00.158683,6.024385558536119,6.759995861365941,0.12538054444465524,COMPLETE
265,0.3086111737089809,2026-04-22 00:17:07.503328,2026-04-22 00:17:07.657319,0 days 00:00:00.153991,6.901339919014255,7.495733612429429,0.14978387804603216,COMPLETE
266,0.3088654674358269,2026-04-22 00:17:07.657348,2026-04-22 00:17:07.813502,0 days 00:00:00.156154,6.206893332826712,6.9841080845581684,0.20296227484165552,COMPLETE
267,0.30754692780127785,2026-04-22 00:17:07.813533,2026-04-22 00:17:07.966607,0 days 00:00:00.153074,6.4357905496915455,6.559714543110019,0.11241859175292156,COMPLETE
268,0.30850536139599843,2026-04-22 00:17:07.966639,2026-04-22 00:17:08.120216,0 days 00:00:00.153577,5.72069907505377,7.797644503718806,0.17423077483815652,COMPLETE
269,0.3082725951430896,2026-04-22 00:17:08.120247,2026-04-22 00:17:08.276768,0 days 00:00:00.156521,5.972412826533616,6.79062547671968,0.1343067257830222,COMPLETE
270,0.3084377089884569,2026-04-22 00:17:08.276799,2026-04-22 00:17:08.431864,0 days 00:00:00.155065,6.166880784076581,6.427211464195159,0.15881336015532624,COMPLETE
271,0.2989549583961145,2026-04-22 00:17:08.431895,2026-04-22 00:17:08.585804,0 days 00:00:00.153909,6.669002134989349,7.167656845120761,0.31704677541658777,COMPLETE
272,0.30375159997539947,2026-04-22 00:17:08.585835,2026-04-22 00:17:08.746383,0 days 00:00:00.160548,5.618299678932776,5.716813606454378,0.09544726624468527,COMPLETE
273,0.31118010337955243,2026-04-22 00:17:08.746416,2026-04-22 00:17:08.911667,0 days 00:00:00.165251,5.94191320190862,7.378524349928381,0.1356607845148063,COMPLETE
274,0.3014889370288372,2026-04-22 00:17:08.911701,2026-04-22 00:17:09.068832,0 days 00:00:00.157131,6.320394784596408,3.8371299083161508,0.18550216094054342,COMPLETE
275,0.30708783075964247,2026-04-22 00:17:09.068861,2026-04-22 00:17:09.228359,0 days 00:00:00.159498,6.479243633246777,7.435859165803285,0.11467807921198782,COMPLETE
276,0.28442837142611704,2026-04-22 00:17:09.228388,2026-04-22 00:17:09.381681,0 days 00:00:00.153293,6.038771702461309,7.344266567978915,0.72491422289012,COMPLETE
277,0.30910661506640874,2026-04-22 00:17:09.381712,2026-04-22 00:17:09.534781,0 days 00:00:00.153069,5.7913524712906845,7.525027260427818,0.1607720206487046,COMPLETE
278,0.3095953680015236,2026-04-22 00:17:09.534811,2026-04-22 00:17:09.692626,0 days 00:00:00.157815,6.185411813546796,6.990833493808174,0.13533063561032316,COMPLETE
279,0.30747105058120355,2026-04-22 00:17:09.692658,2026-04-22 00:17:09.848228,0 days 00:00:00.155570,5.899355111560195,7.759672143406621,0.2134570427235545,COMPLETE
280,0.2919435658908704,2026-04-22 00:17:09.848257,2026-04-22 00:17:10.000196,0 days 00:00:00.151939,5.51110219345237,7.257726412554606,0.075447398580167,COMPLETE
281,0.275537771989336,2026-04-22 00:17:10.000226,2026-04-22 00:17:10.157246,0 days 00:00:00.157020,7.063387286365081,0.9652830055941823,0.14272415250875606,COMPLETE
282,0.3074823546404283,2026-04-22 00:17:10.157278,2026-04-22 00:17:10.313278,0 days 00:00:00.156000,6.341214511714,6.939714517499829,0.11186095987158752,COMPLETE
283,0.3086972741158298,2026-04-22 00:17:10.313308,2026-04-22 00:17:10.473145,0 days 00:00:00.159837,6.614124890311913,7.999050337090237,0.17158104499475355,COMPLETE
284,0.30958567895468075,2026-04-22 00:17:10.473177,2026-04-22 00:17:10.628869,0 days 00:00:00.155692,6.065214041986498,6.7002513693492025,0.1270157278259214,COMPLETE
285,0.30950655916444864,2026-04-22 00:17:10.628901,2026-04-22 00:17:10.786168,0 days 00:00:00.157267,5.3095055311260015,7.19960026361466,0.15623829765599578,COMPLETE
286,0.3080668256274309,2026-04-22 00:17:10.786201,2026-04-22 00:17:10.942991,0 days 00:00:00.156790,5.6913216808050135,6.031812721672874,0.19173948198301055,COMPLETE
287,0.30017617181942674,2026-04-22 00:17:10.943023,2026-04-22 00:17:11.103258,0 days 00:00:00.160235,6.2191613417455995,6.60090360226418,0.09217030693992495,COMPLETE
288,0.3101115566999033,2026-04-22 00:17:11.103288,2026-04-22 00:17:11.257232,0 days 00:00:00.153944,5.9314118896055925,6.895005798187393,0.1401984807234106,COMPLETE
289,0.30568650495152977,2026-04-22 00:17:11.257263,2026-04-22 00:17:11.408199,0 days 00:00:00.150936,6.455268397874401,5.428212784756604,0.11637618100394634,COMPLETE
290,0.3096944379178956,2026-04-22 00:17:11.408229,2026-04-22 00:17:11.562042,0 days 00:00:00.153813,6.113486664118756,7.347703810880508,0.16532919285052,COMPLETE
291,0.3099046728261193,2026-04-22 00:17:11.562075,2026-04-22 00:17:11.715999,0 days 00:00:00.153924,5.850049591178927,7.0642160202178115,0.1486693938661985,COMPLETE
292,0.307116949610867,2026-04-22 00:17:11.716031,2026-04-22 00:17:11.868504,0 days 00:00:00.152473,6.762630814069969,7.572094753962975,0.18192193052764596,COMPLETE
293,0.3081658068696708,2026-04-22 00:17:11.868535,2026-04-22 00:17:12.029408,0 days 00:00:00.160873,5.501436703381945,8.979595933324877,0.12512517714055937,COMPLETE
294,0.30564156535613596,2026-04-22 00:17:12.029438,2026-04-22 00:17:12.185579,0 days 00:00:00.156141,6.25949031344057,6.747041821418341,0.10293238391279873,COMPLETE
295,0.3104368634535355,2026-04-22 00:17:12.185610,2026-04-22 00:17:12.343981,0 days 00:00:00.158371,6.503589827567213,5.918022818797548,0.15275228622842524,COMPLETE
296,0.30763891931054166,2026-04-22 00:17:12.344012,2026-04-22 00:17:12.498318,0 days 00:00:00.154306,6.508007343788692,6.322721322809529,0.16256832187164522,COMPLETE
297,0.3066823746998037,2026-04-22 00:17:12.498348,2026-04-22 00:17:12.653116,0 days 00:00:00.154768,6.724199550089868,5.9369049805791585,0.13295024185109713,COMPLETE
298,0.30545810441840765,2026-04-22 00:17:12.653146,2026-04-22 00:17:12.811423,0 days 00:00:00.158277,6.361731759551645,6.173117450126368,0.21880743841633293,COMPLETE
299,0.30870664768385303,2026-04-22 00:17:12.811453,2026-04-22 00:17:12.978434,0 days 00:00:00.166981,6.116475334667538,6.583238304212233,0.1793156477392823,COMPLETE
300,0.2825552817206283,2026-04-22 00:17:12.978465,2026-04-22 00:17:13.139420,0 days 00:00:00.160955,6.55622628295572,7.042462320364926,0.07946447879425794,COMPLETE
301,0.3087929807216893,2026-04-22 00:17:13.139454,2026-04-22 00:17:13.302166,0 days 00:00:00.162712,6.860117638508312,6.8447898551589414,0.15001636480737876,COMPLETE
302,0.30869584283794577,2026-04-22 00:17:13.302198,2026-04-22 00:17:13.456933,0 days 00:00:00.154735,6.007213321287744,6.504588212637517,0.11243848182862345,COMPLETE
303,0.3071181027740779,2026-04-22 00:17:13.456963,2026-04-22 00:17:13.615637,0 days 00:00:00.158674,6.288211694637713,7.3004076207968005,0.19589904696264654,COMPLETE
304,0.2934177394463898,2026-04-22 00:17:13.615667,2026-04-22 00:17:13.775815,0 days 00:00:00.160148,8.419755256199476,6.280801224567341,0.13139664357754297,COMPLETE
305,0.3093698513892369,2026-04-22 00:17:13.775847,2026-04-22 00:17:13.934393,0 days 00:00:00.158546,5.76951728368141,6.019068971818054,0.16461546025933183,COMPLETE
306,0.3018563163497853,2026-04-22 00:17:13.934425,2026-04-22 00:17:14.092989,0 days 00:00:00.158564,6.43800051721141,6.7207201450169896,0.09858523141565753,COMPLETE
307,0.291114276950193,2026-04-22 00:17:14.093021,2026-04-22 00:17:14.252877,0 days 00:00:00.159856,0.9481652676242618,8.141541619971148,0.4517562913546852,COMPLETE
308,0.29517352567018756,2026-04-22 00:17:14.252910,2026-04-22 00:17:14.411283,0 days 00:00:00.158373,5.990199011299287,7.062927734960691,0.4116727021790784,COMPLETE
309,0.30954263578181784,2026-04-22 00:17:14.411315,2026-04-22 00:17:14.570107,0 days 00:00:00.158792,6.296389664016015,5.850806240417475,0.14824021971426846,COMPLETE
310,0.3037314451007445,2026-04-22 00:17:14.570145,2026-04-22 00:17:14.726671,0 days 00:00:00.156526,6.177360067093496,6.445077889319748,0.244014091095858,COMPLETE
311,0.3100705703748301,2026-04-22 00:17:14.726704,2026-04-22 00:17:14.887099,0 days 00:00:00.160395,5.77048438942026,6.912472323409619,0.12979024373039513,COMPLETE
312,0.3083269747881245,2026-04-22 00:17:14.887134,2026-04-22 00:17:15.040488,0 days 00:00:00.153354,6.5932791034671165,7.250532309899726,0.1780055550748643,COMPLETE
313,0.30945363003173126,2026-04-22 00:17:15.040519,2026-04-22 00:17:15.200594,0 days 00:00:00.160075,7.043084085455829,7.522097693577734,0.15058707382456907,COMPLETE
314,0.29893419908787483,2026-04-22 00:17:15.200627,2026-04-22 00:17:15.357729,0 days 00:00:00.157102,1.9610447654116552,6.1492506943495115,0.11651116307297399,COMPLETE
315,0.30553440571588036,2026-04-22 00:17:15.357760,2026-04-22 00:17:15.511047,0 days 00:00:00.153287,5.977363034486105,6.607742793965819,0.19802720963657386,COMPLETE
316,0.23738541271312744,2026-04-22 00:17:15.511078,2026-04-22 00:17:15.665783,0 days 00:00:00.154705,6.169899056682468,6.801526772578965,0.05845904228451017,COMPLETE
317,0.30595460181727324,2026-04-22 00:17:15.665812,2026-04-22 00:17:15.821396,0 days 00:00:00.155584,7.602478239755025,7.708592280937122,0.16572768592881787,COMPLETE
318,0.31043400235847307,2026-04-22 00:17:15.821425,2026-04-22 00:17:15.974249,0 days 00:00:00.152824,6.421589453270494,7.1127387112909926,0.14054071038791552,COMPLETE
319,0.30107599391701173,2026-04-22 00:17:15.974279,2026-04-22 00:17:16.131022,0 days 00:00:00.156743,6.564758090586016,6.403688922432452,0.10519023863657233,COMPLETE
320,0.27642602252733983,2026-04-22 00:17:16.131052,2026-04-22 00:17:16.287507,0 days 00:00:00.156455,6.815422803309285,4.6606390939787214,0.08808893492404749,COMPLETE
321,0.30866838965719806,2026-04-22 00:17:16.287537,2026-04-22 00:17:16.443649,0 days 00:00:00.156112,5.678090042459338,5.751683755383542,0.13568978297899634,COMPLETE
322,0.3072137222634002,2026-04-22 00:17:16.443691,2026-04-22 00:17:16.598426,0 days 00:00:00.154735,6.438119962078786,6.684318191534289,0.12261550461816208,COMPLETE
323,0.2815745113923348,2026-04-22 00:17:16.598455,2026-04-22 00:17:16.748154,0 days 00:00:00.149699,5.923460173299748,6.953549563995727,0.9457143748316966,COMPLETE
324,0.30879569005036894,2026-04-22 00:17:16.748185,2026-04-22 00:17:16.904578,0 days 00:00:00.156393,6.08494740433399,6.2448973773292815,0.17379213751701647,COMPLETE
325,0.3112381375117883,2026-04-22 00:17:16.904608,2026-04-22 00:17:17.067222,0 days 00:00:00.162614,6.359113665017439,7.375106163103574,0.14092920620394103,COMPLETE
326,0.30984724897763494,2026-04-22 00:17:17.067254,2026-04-22 00:17:17.223745,0 days 00:00:00.156491,6.3978395103095,7.423130077335201,0.13439549079574134,COMPLETE
327,0.3017683032951487,2026-04-22 00:17:17.223777,2026-04-22 00:17:17.380898,0 days 00:00:00.157121,6.703745979530728,7.102369044849737,0.10242072562244088,COMPLETE
328,0.2884210925238498,2026-04-22 00:17:17.380931,2026-04-22 00:17:17.540504,0 days 00:00:00.159573,6.337635772211822,7.630849307504001,0.6114328959984845,COMPLETE
329,0.3092595510899875,2026-04-22 00:17:17.540538,2026-04-22 00:17:17.697549,0 days 00:00:00.157011,6.555050553896863,7.344742099372876,0.1253174534312251,COMPLETE
330,0.30982722768744736,2026-04-22 00:17:17.697580,2026-04-22 00:17:17.858600,0 days 00:00:00.161020,6.219208489628599,6.856801605198552,0.1553980244748098,COMPLETE
331,0.3088007398486775,2026-04-22 00:17:17.858633,2026-04-22 00:17:18.017382,0 days 00:00:00.158749,6.051539463376687,7.182438930715078,0.11661556393181516,COMPLETE
332,0.30968826869083915,2026-04-22 00:17:18.017414,2026-04-22 00:17:18.175885,0 days 00:00:00.158471,6.467544165559203,7.784230825067799,0.1398244810311203,COMPLETE
333,0.3084757413062613,2026-04-22 00:17:18.175915,2026-04-22 00:17:18.331126,0 days 00:00:00.155211,6.2052543029571705,6.614686958554154,0.1816775962332201,COMPLETE
334,0.29402963294282153,2026-04-22 00:17:18.331155,2026-04-22 00:17:18.488037,0 days 00:00:00.156882,6.749978248302601,9.229500036333945,0.08142053609774733,COMPLETE
335,0.3088019175217778,2026-04-22 00:17:18.488069,2026-04-22 00:17:18.645987,0 days 00:00:00.157918,5.846054864186186,7.090929018534597,0.1615675314436589,COMPLETE
336,0.309958776939038,2026-04-22 00:17:18.646017,2026-04-22 00:17:18.801774,0 days 00:00:00.155757,6.347818177883896,7.446555621763965,0.14195256078569687,COMPLETE
337,0.3080419722423819,2026-04-22 00:17:18.801803,2026-04-22 00:17:18.960539,0 days 00:00:00.158736,6.008848710923076,6.759603379075049,0.20461335924306948,COMPLETE
338,0.3098843060909275,2026-04-22 00:17:18.960570,2026-04-22 00:17:19.122479,0 days 00:00:00.161909,5.599101224376224,6.932075128427309,0.11678045763350435,COMPLETE
339,0.3072427762851881,2026-04-22 00:17:19.122513,2026-04-22 00:17:19.284527,0 days 00:00:00.162014,6.568569100299302,6.474701458211379,0.16812688752872987,COMPLETE
340,0.2794831938981749,2026-04-22 00:17:19.284564,2026-04-22 00:17:19.444221,0 days 00:00:00.159657,6.148663817560157,7.217949416194221,0.8626710247200802,COMPLETE
341,0.2837171828401039,2026-04-22 00:17:19.444254,2026-04-22 00:17:19.605057,0 days 00:00:00.160803,7.030499193639118,4.2472508798904895,0.10326706020510037,COMPLETE
342,0.30828515964410397,2026-04-22 00:17:19.605088,2026-04-22 00:17:19.762709,0 days 00:00:00.157621,6.342295919736867,6.995151127657351,0.14141454966046588,COMPLETE
343,0.30701588553386483,2026-04-22 00:17:19.762740,2026-04-22 00:17:19.916017,0 days 00:00:00.153277,5.687235288801335,6.600229824638208,0.17941697566780887,COMPLETE
344,0.3107002412352734,2026-04-22 00:17:19.916048,2026-04-22 00:17:20.070813,0 days 00:00:00.154765,5.902639617990592,7.291194953865829,0.12873256300732475,COMPLETE
345,0.2858606491936801,2026-04-22 00:17:20.070845,2026-04-22 00:17:20.223374,0 days 00:00:00.152529,5.324829375426954,7.39499239495595,0.06847651319415221,COMPLETE
346,0.3111755245857393,2026-04-22 00:17:20.223403,2026-04-22 00:17:20.381654,0 days 00:00:00.158251,5.877816542021034,7.606478975699829,0.11839935830571109,COMPLETE
347,0.3038795119540003,2026-04-22 00:17:20.381685,2026-04-22 00:17:20.535524,0 days 00:00:00.153839,5.839970822972686,7.936888664585392,0.08854106949497287,COMPLETE
348,0.31181314914414976,2026-04-22 00:17:20.535555,2026-04-22 00:17:20.693620,0 days 00:00:00.158065,5.564356183225743,7.673563352543057,0.10895795140976298,COMPLETE
349,0.30680942379516124,2026-04-22 00:17:20.693652,2026-04-22 00:17:20.849850,0 days 00:00:00.156198,5.4453171084725,8.107500385326427,0.0924400805702652,COMPLETE
350,0.3098153074276204,2026-04-22 00:17:20.849890,2026-04-22 00:17:21.003385,0 days 00:00:00.153495,5.57994332914772,7.768882995517543,0.11975582254350398,COMPLETE
351,0.28325426118145197,2026-04-22 00:17:21.003418,2026-04-22 00:17:21.162216,0 days 00:00:00.158798,5.762041823825237,7.5759252513187,0.7871811585452244,COMPLETE
352,0.3083435597714444,2026-04-22 00:17:21.162247,2026-04-22 00:17:21.320597,0 days 00:00:00.158350,5.197533234858194,7.626584573542556,0.10224241409966796,COMPLETE
353,0.25346171959074726,2026-04-22 00:17:21.320629,2026-04-22 00:17:21.472865,0 days 00:00:00.152236,5.470186737490154,7.92599914521993,0.05697859775282185,COMPLETE
354,0.2935174777549037,2026-04-22 00:17:21.472895,2026-04-22 00:17:21.624851,0 days 00:00:00.151956,5.931442446776124,7.465136396340397,0.0783852374227706,COMPLETE
355,0.3091282740680727,2026-04-22 00:17:21.624885,2026-04-22 00:17:21.779508,0 days 00:00:00.154623,5.677257602545724,7.334720615397548,0.11695797630360986,COMPLETE
356,0.31019781436110566,2026-04-22 00:17:21.779539,2026-04-22 00:17:21.933415,0 days 00:00:00.153876,5.94859166628066,7.722224757415137,0.12244380755530401,COMPLETE
357,0.3066666742460094,2026-04-22 00:17:21.933447,2026-04-22 00:17:22.091724,0 days 00:00:00.158277,5.761099220463568,8.256940749496808,0.10052258288713997,COMPLETE
358,0.30894393467884973,2026-04-22 00:17:22.091754,2026-04-22 00:17:22.250098,0 days 00:00:00.158344,5.2489650797755445,7.53385278722662,0.13121617185409665,COMPLETE
359,0.3083426313310147,2026-04-22 00:17:22.250145,2026-04-22 00:17:22.405745,0 days 00:00:00.155600,6.030189782354106,7.33225522820104,0.10565921339457035,COMPLETE
360,0.30861411788822024,2026-04-22 00:17:22.405777,2026-04-22 00:17:22.562070,0 days 00:00:00.156293,5.538650288364703,8.509989226516831,0.13018431214174614,COMPLETE
361,0.3094728282019269,2026-04-22 00:17:22.562101,2026-04-22 00:17:22.722910,0 days 00:00:00.160809,5.84634281744735,8.80738279903133,0.15591571270652838,COMPLETE
362,0.29397765764461364,2026-04-22 00:17:22.722944,2026-04-22 00:17:22.877572,0 days 00:00:00.154628,6.073953810109886,7.238564613584255,0.08139628465629631,COMPLETE
363,0.3100402931769864,2026-04-22 00:17:22.877604,2026-04-22 00:17:23.037379,0 days 00:00:00.159775,5.683202942970359,7.952087068295821,0.1208589739076303,COMPLETE
364,0.30927075423183514,2026-04-22 00:17:23.037418,2026-04-22 00:17:23.195747,0 days 00:00:00.158329,6.2173619756258685,7.552324722904737,0.16347169789887903,COMPLETE
365,0.30702515952320825,2026-04-22 00:17:23.195778,2026-04-22 00:17:23.351828,0 days 00:00:00.156050,5.952698221322785,7.166084755546518,0.18951619828282346,COMPLETE
366,0.30927398534352457,2026-04-22 00:17:23.351858,2026-04-22 00:17:23.511751,0 days 00:00:00.159893,6.039696999121545,6.901097674979484,0.1415803527836692,COMPLETE
367,0.27701697410691467,2026-04-22 00:17:23.511782,2026-04-22 00:17:23.664714,0 days 00:00:00.152932,9.113693217586146,7.375169604121434,0.10792869149673008,COMPLETE
368,0.31020303467759436,2026-04-22 00:17:23.664745,2026-04-22 00:17:23.820566,0 days 00:00:00.155821,6.1919476311821615,7.679609857660243,0.13286185962388028,COMPLETE
369,0.3087869107904824,2026-04-22 00:17:23.820599,2026-04-22 00:17:23.977698,0 days 00:00:00.157099,5.853782706231777,7.03732647756532,0.16566301722768068,COMPLETE
370,0.30778782070874916,2026-04-22 00:17:23.977730,2026-04-22 00:17:24.134209,0 days 00:00:00.156479,5.506588355114966,6.842211792485503,0.22355866070919111,COMPLETE
371,0.3085963819638607,2026-04-22 00:17:24.134240,2026-04-22 00:17:24.292247,0 days 00:00:00.158007,6.20301744807579,7.2491067557329805,0.1449988776526733,COMPLETE
372,0.30584248002446973,2026-04-22 00:17:24.292277,2026-04-22 00:17:24.451804,0 days 00:00:00.159527,5.7122215932165075,7.037156832977265,0.09486884549302287,COMPLETE
373,0.3102184500325066,2026-04-22 00:17:24.451836,2026-04-22 00:17:24.606104,0 days 00:00:00.154268,5.063048918780889,6.728614242091628,0.11968714178617802,COMPLETE
374,0.30773799688204007,2026-04-22 00:17:24.606146,2026-04-22 00:17:24.761403,0 days 00:00:00.155257,5.354774712294634,7.437938698073162,0.18081735635528326,COMPLETE
375,0.3085613363922388,2026-04-22 00:17:24.761433,2026-04-22 00:17:24.918648,0 days 00:00:00.157215,5.980646395764935,6.280907091204671,0.15475527163060077,COMPLETE
376,0.31099853607519223,2026-04-22 00:17:24.918679,2026-04-22 00:17:25.075859,0 days 00:00:00.157180,6.33746798256785,7.830003647852676,0.13153064651027943,COMPLETE
377,0.27292742855511204,2026-04-22 00:17:25.075894,2026-04-22 00:17:25.233869,0 days 00:00:00.157975,6.269337254697544,7.632145076619285,0.06919937892315528,COMPLETE
378,0.30805946038726456,2026-04-22 00:17:25.233900,2026-04-22 00:17:25.391717,0 days 00:00:00.157817,5.811660052861442,7.732178147744877,0.10960825513292272,COMPLETE
379,0.20080266229972532,2026-04-22 00:17:25.391749,2026-04-22 00:17:25.541380,0 days 00:00:00.149631,6.105924657651382,8.310271362007658,0.04583993506689059,COMPLETE
380,0.3103100258910532,2026-04-22 00:17:25.541411,2026-04-22 00:17:25.694388,0 days 00:00:00.152977,5.6145187121474684,8.124549640529072,0.1338658872740355,COMPLETE
381,0.2904495220206999,2026-04-22 00:17:25.694417,2026-04-22 00:17:25.845712,0 days 00:00:00.151295,5.898943217148444,8.441729551292543,0.5554062958020441,COMPLETE
382,0.3027449732633343,2026-04-22 00:17:25.845742,2026-04-22 00:17:26.000834,0 days 00:00:00.155092,6.349180008272722,7.69855709335631,0.09271006084896113,COMPLETE
383,0.3095370946881296,2026-04-22 00:17:26.000867,2026-04-22 00:17:26.155309,0 days 00:00:00.154442,6.104751847558728,7.89457201443121,0.12791848071655446,COMPLETE
384,0.29152698880646766,2026-04-22 00:17:26.155339,2026-04-22 00:17:26.309798,0 days 00:00:00.154459,6.5789853335182915,3.2382494662176136,0.2707315319276651,COMPLETE
385,0.3107737855669956,2026-04-22 00:17:26.309827,2026-04-22 00:17:26.467006,0 days 00:00:00.157179,5.403633667629176,6.4550479275068895,0.11891285991399449,COMPLETE
386,0.3010543909235563,2026-04-22 00:17:26.467042,2026-04-22 00:17:26.623160,0 days 00:00:00.156118,5.281923590866876,7.980589564522861,0.0851461537696159,COMPLETE
387,0.31074168982919936,2026-04-22 00:17:26.623189,2026-04-22 00:17:26.780568,0 days 00:00:00.157379,5.509403189605353,6.349044686181232,0.1111181925461032,COMPLETE
388,0.3105336603951009,2026-04-22 00:17:26.780601,2026-04-22 00:17:26.937256,0 days 00:00:00.156655,5.183344643622384,6.416050208921986,0.10603921636622349,COMPLETE
389,0.2713358862830229,2026-04-22 00:17:26.937289,2026-04-22 00:17:27.093774,0 days 00:00:00.156485,5.44651072702567,6.398053224676622,0.06656152292364578,COMPLETE
390,0.30741857615310264,2026-04-22 00:17:27.093805,2026-04-22 00:17:27.251421,0 days 00:00:00.157616,5.427983285510917,7.477963866602528,0.10456093138033637,COMPLETE
391,0.3096866757209778,2026-04-22 00:17:27.251453,2026-04-22 00:17:27.409616,0 days 00:00:00.158163,4.907908553941066,7.832863293612089,0.11628395881222477,COMPLETE
392,0.31037665397184444,2026-04-22 00:17:27.409648,2026-04-22 00:17:27.573533,0 days 00:00:00.163885,5.008105390127895,6.507064087753742,0.12331523439801072,COMPLETE
393,0.29701053387069304,2026-04-22 00:17:27.573564,2026-04-22 00:17:27.731587,0 days 00:00:00.158023,5.625310959948125,6.190467904811085,0.0835408907852063,COMPLETE
394,0.30835938477840413,2026-04-22 00:17:27.731617,2026-04-22 00:17:27.890281,0 days 00:00:00.158664,5.352179055579256,7.241372767276759,0.16434896367627497,COMPLETE
395,0.30755043352492484,2026-04-22 00:17:27.890313,2026-04-22 00:17:28.050556,0 days 00:00:00.160243,5.56001491071931,7.517902323522759,0.09478469385182119,COMPLETE
396,0.30949509719137686,2026-04-22 00:17:28.050589,2026-04-22 00:17:28.216157,0 days 00:00:00.165568,5.733130188289679,6.586607712363399,0.13345396010288899,COMPLETE
397,0.3097654372303218,2026-04-22 00:17:28.216190,2026-04-22 00:17:28.377033,0 days 00:00:00.160843,5.176463910653156,7.301044987477404,0.11354096543472814,COMPLETE
398,0.30952934321491654,2026-04-22 00:17:28.377063,2026-04-22 00:17:28.534849,0 days 00:00:00.157786,5.830689598518935,8.073256294256911,0.14996560992716973,COMPLETE
399,0.28625326247465216,2026-04-22 00:17:28.534881,2026-04-22 00:17:28.697598,0 days 00:00:00.162717,5.565153435745913,6.843924041821989,0.07046623858241803,COMPLETE
400,0.1352768079887852,2026-04-22 00:17:28.697631,2026-04-22 00:17:28.844365,0 days 00:00:00.146734,5.944159783236911,6.339731606829539,0.022674301317725715,COMPLETE
401,0.3081495355408735,2026-04-22 00:17:28.844399,2026-04-22 00:17:29.002727,0 days 00:00:00.158328,5.3271301053410625,7.1407520450313315,0.1733701068378002,COMPLETE
402,0.29931867505117604,2026-04-22 00:17:29.002759,2026-04-22 00:17:29.161830,0 days 00:00:00.159071,5.75456665539212,2.391178647354395,0.12660521332643598,COMPLETE
403,0.30706480375289874,2026-04-22 00:17:29.161862,2026-04-22 00:17:29.339920,0 days 00:00:00.178058,6.118810388456801,6.082677350842242,0.1978561309436747,COMPLETE
404,0.3090365525540799,2026-04-22 00:17:29.339956,2026-04-22 00:17:29.514366,0 days 00:00:00.174410,5.616962893300018,7.793918218677098,0.14681279721052842,COMPLETE
405,0.30283414598527547,2026-04-22 00:17:29.514401,2026-04-22 00:17:29.678854,0 days 00:00:00.164453,6.69650663305611,7.42169722625572,0.10004315783195852,COMPLETE
406,0.31020395903816145,2026-04-22 00:17:29.678887,2026-04-22 00:17:29.842592,0 days 00:00:00.163705,5.89552446420792,6.720115850268984,0.12830116159819036,COMPLETE
407,0.30976539121004837,2026-04-22 00:17:29.842624,2026-04-22 00:17:30.008822,0 days 00:00:00.166198,6.369878910980475,6.497695863415039,0.15400378710333915,COMPLETE
408,0.27587770355919355,2026-04-22 00:17:30.008858,2026-04-22 00:17:30.169530,0 days 00:00:00.160672,6.109799566594352,1.5084397686792395,0.3815155029694518,COMPLETE
409,0.30703500089310765,2026-04-22 00:17:30.169565,2026-04-22 00:17:30.326696,0 days 00:00:00.157131,5.081205559820888,7.015299872033338,0.1719420185224299,COMPLETE
410,0.3102377666725839,2026-04-22 00:17:30.326730,2026-04-22 00:17:30.487978,0 days 00:00:00.161248,5.762833557255474,7.559781189183644,0.1105119172728324,COMPLETE
411,0.28776693772271916,2026-04-22 00:17:30.488010,2026-04-22 00:17:30.651588,0 days 00:00:00.163578,5.451249662107277,7.216014337718708,0.6679017758410342,COMPLETE
412,0.3097347969940326,2026-04-22 00:17:30.651629,2026-04-22 00:17:30.817347,0 days 00:00:00.165718,6.311016886488022,6.88408806324873,0.13773322334838617,COMPLETE
413,0.2934808629744817,2026-04-22 00:17:30.817378,2026-04-22 00:17:30.974157,0 days 00:00:00.156779,5.975675657089539,6.289726890226602,0.08418352769116114,COMPLETE
414,0.2936714863841305,2026-04-22 00:17:30.974188,2026-04-22 00:17:31.126532,0 days 00:00:00.152344,0.5147036832521028,6.640665953409841,0.1890926408455717,COMPLETE
415,0.3089744971257009,2026-04-22 00:17:31.126564,2026-04-22 00:17:31.284210,0 days 00:00:00.157646,6.482190716491493,7.358544153913487,0.1573508397081018,COMPLETE
416,0.3095002253091507,2026-04-22 00:17:31.284244,2026-04-22 00:17:31.441656,0 days 00:00:00.157412,4.786080471502862,6.04451994871497,0.11731632387726121,COMPLETE
417,0.30961318724832365,2026-04-22 00:17:31.441688,2026-04-22 00:17:31.602169,0 days 00:00:00.160481,6.2293602442249245,8.587208915845526,0.12685233066900903,COMPLETE
418,0.3069116017146068,2026-04-22 00:17:31.602204,2026-04-22 00:17:31.761639,0 days 00:00:00.159435,6.840435103109301,7.0333731799017665,0.1441661259284564,COMPLETE
419,0.3048873558269388,2026-04-22 00:17:31.761672,2026-04-22 00:17:31.920059,0 days 00:00:00.158387,5.667046208454178,6.729136216952393,0.09751150963554653,COMPLETE
420,0.29731903680262073,2026-04-22 00:17:31.920091,2026-04-22 00:17:32.072494,0 days 00:00:00.152403,2.836634763290243,7.638266771634716,0.327938264914743,COMPLETE
421,0.3083645318290335,2026-04-22 00:17:32.072525,2026-04-22 00:17:32.229881,0 days 00:00:00.157356,5.987548163990839,7.89963177134219,0.16518884249482507,COMPLETE
422,0.3081314154086887,2026-04-22 00:17:32.229915,2026-04-22 00:17:32.387505,0 days 00:00:00.157590,5.801333276539028,6.502016821420417,0.20786199202127198,COMPLETE
423,0.3098034412909288,2026-04-22 00:17:32.387537,2026-04-22 00:17:32.546556,0 days 00:00:00.159019,6.144760339408926,7.223636268386431,0.13433292377909767,COMPLETE
424,0.22502804391424439,2026-04-22 00:17:32.546589,2026-04-22 00:17:32.698328,0 days 00:00:00.151739,5.376673734576179,8.273806963158556,0.04830691137946999,COMPLETE
425,0.307013063621031,2026-04-22 00:17:32.698361,2026-04-22 00:17:32.861806,0 days 00:00:00.163445,6.339812882965128,6.887706034118958,0.11043841519028967,COMPLETE
426,0.30778572920258024,2026-04-22 00:17:32.861840,2026-04-22 00:17:33.014629,0 days 00:00:00.152789,6.551392953499208,6.354760092761724,0.17866911725778575,COMPLETE
427,0.3129028741271029,2026-04-22 00:17:33.014658,2026-04-22 00:17:33.171976,0 days 00:00:00.157318,5.935056184986911,7.45835520379347,0.14653536841965298,COMPLETE
428,0.2940972378481424,2026-04-22 00:17:33.172007,2026-04-22 00:17:33.333047,0 days 00:00:00.161040,5.5783314843032175,6.171706725433412,0.07906082442352821,COMPLETE
429,0.31090920174446696,2026-04-22 00:17:33.333078,2026-04-22 00:17:33.495163,0 days 00:00:00.162085,5.8383674732664925,7.029604170487925,0.1216153401071568,COMPLETE
430,0.30664752866798867,2026-04-22 00:17:33.495194,2026-04-22 00:17:33.651963,0 days 00:00:00.156769,5.142519813685483,6.602525167000288,0.0998930316112153,COMPLETE
431,0.31014710912311755,2026-04-22 00:17:33.651995,2026-04-22 00:17:33.815516,0 days 00:00:00.163521,5.7134134708257545,7.023126038175938,0.15509612545307602,COMPLETE
432,0.2934678409748879,2026-04-22 00:17:33.815552,2026-04-22 00:17:33.975719,0 days 00:00:00.160167,5.484234824981675,6.805170354919039,0.4900648584135368,COMPLETE
433,0.3087295085670095,2026-04-22 00:17:33.975753,2026-04-22 00:17:34.131297,0 days 00:00:00.155544,5.93831515368526,6.414802071374358,0.11538512860221542,COMPLETE
434,0.3103923726054211,2026-04-22 00:17:34.131327,2026-04-22 00:17:34.284997,0 days 00:00:00.153670,6.06213198098728,5.980728008630054,0.139923124040916,COMPLETE
435,0.2642612568435741,2026-04-22 00:17:34.285028,2026-04-22 00:17:34.444298,0 days 00:00:00.159270,5.809533370159959,6.770427101323961,0.0641212451947176,COMPLETE
436,0.30660147941512333,2026-04-22 00:17:34.444329,2026-04-22 00:17:34.605930,0 days 00:00:00.161601,5.30515537786916,7.127051064093791,0.09057499736208954,COMPLETE
437,0.30859437958869723,2026-04-22 00:17:34.605961,2026-04-22 00:17:34.762744,0 days 00:00:00.156783,5.567067686099595,6.611280101093679,0.16802023918300046,COMPLETE
438,0.3096750508844448,2026-04-22 00:17:34.762776,2026-04-22 00:17:34.917079,0 days 00:00:00.154303,6.047389933891573,8.106794728890668,0.12138076814683753,COMPLETE
439,0.29606111668561363,2026-04-22 00:17:34.917109,2026-04-22 00:17:35.070632,0 days 00:00:00.153523,5.809031757834401,7.747008731327566,0.41587436100663755,COMPLETE
440,0.3099580779296283,2026-04-22 00:17:35.070663,2026-04-22 00:17:35.228190,0 days 00:00:00.157527,6.183722151361281,6.248700205277511,0.14798192984185554,COMPLETE
441,0.30727398511877235,2026-04-22 00:17:35.228222,2026-04-22 00:17:35.388359,0 days 00:00:00.160137,6.4577502350974765,6.892577486289385,0.191744579373346,COMPLETE
442,0.3112297763503237,2026-04-22 00:17:35.388390,2026-04-22 00:17:35.546859,0 days 00:00:00.158469,5.599041554517501,7.510233769106106,0.1336362569747188,COMPLETE
443,0.31061515461318284,2026-04-22 00:17:35.546891,2026-04-22 00:17:35.708657,0 days 00:00:00.161766,5.6766483979425875,7.434782562679837,0.1703136333923707,COMPLETE
444,0.30782000027073314,2026-04-22 00:17:35.708687,2026-04-22 00:17:35.212108,-1 days +23:59:59.503421,5.420565401598255,7.5908963314517806,0.13961369004891722,COMPLETE
445,0.3007254332772023,2026-04-22 00:17:35.212138,2026-04-22 00:17:35.368831,0 days 00:00:00.156693,5.568676205852642,7.815813946327333,0.29421534307640806,COMPLETE
446,0.3078650493526984,2026-04-22 00:17:35.368859,2026-04-22 00:17:35.529116,0 days 00:00:00.160257,5.86384650854886,7.537739813617457,0.10944587381383052,COMPLETE
447,0.3097796073868892,2026-04-22 00:17:35.529148,2026-04-22 00:17:35.685897,0 days 00:00:00.156749,5.978851736060155,7.224354104810973,0.1560916722589779,COMPLETE
448,0.3100770908870812,2026-04-22 00:17:35.685928,2026-04-22 00:17:35.850956,0 days 00:00:00.165028,5.702800881481403,7.121972000665065,0.13127351213182895,COMPLETE
449,0.3077209935293588,2026-04-22 00:17:35.850990,2026-04-22 00:17:36.012501,0 days 00:00:00.161511,5.230557479367641,7.45525495256805,0.1849800094466293,COMPLETE
450,0.2974709800709301,2026-04-22 00:17:36.012532,2026-04-22 00:17:36.169313,0 days 00:00:00.156781,6.169777131111799,7.029531404799564,0.0883438608358616,COMPLETE
451,0.30945771006881007,2026-04-22 00:17:36.169344,2026-04-22 00:17:36.329334,0 days 00:00:00.159990,5.515153442401549,7.958405620809783,0.11944711271276433,COMPLETE
452,0.30902351447769144,2026-04-22 00:17:36.329364,2026-04-22 00:17:36.484101,0 days 00:00:00.154737,6.667011136403228,7.69097252243803,0.1546558155706122,COMPLETE
453,0.30899604251719653,2026-04-22 00:17:36.484131,2026-04-22 00:17:36.637304,0 days 00:00:00.153173,5.872050128098946,7.313233854563965,0.13476961034092189,COMPLETE
454,0.30661067770416883,2026-04-22 00:17:36.637336,2026-04-22 00:17:36.800628,0 days 00:00:00.163292,6.317364910824479,6.789712077237565,0.10556502201324483,COMPLETE
455,0.3076245687842312,2026-04-22 00:17:36.800658,2026-04-22 00:17:36.962170,0 days 00:00:00.161512,6.067486586301578,6.954486512920749,0.20777801711711735,COMPLETE
456,0.3096560466255531,2026-04-22 00:17:36.962203,2026-04-22 00:17:37.120736,0 days 00:00:00.158533,5.389913179562955,6.525711972162302,0.16910903403974886,COMPLETE
457,0.3092982890427935,2026-04-22 00:17:37.120767,2026-04-22 00:17:37.277326,0 days 00:00:00.156559,5.7317975093250935,7.4149006733263665,0.14077242891274033,COMPLETE
458,0.3088539745628652,2026-04-22 00:17:37.277357,2026-04-22 00:17:37.433722,0 days 00:00:00.156365,6.37419734631319,7.098569217033503,0.11924503338862957,COMPLETE
459,0.2844215120191698,2026-04-22 00:17:37.433751,2026-04-22 00:17:37.585788,0 days 00:00:00.152037,6.024868216160156,7.644843646541695,0.0724673859045129,COMPLETE
460,0.3104365757043842,2026-04-22 00:17:37.585819,2026-04-22 00:17:37.742593,0 days 00:00:00.156774,6.205576097302373,6.680735363510815,0.16253665819190183,COMPLETE
461,0.30880193503493425,2026-04-22 00:17:37.742625,2026-04-22 00:17:37.905003,0 days 00:00:00.162378,5.815588935588831,8.08862368805461,0.09945443683780422,COMPLETE
462,0.3044432601123198,2026-04-22 00:17:37.905036,2026-04-22 00:17:38.066621,0 days 00:00:00.161585,6.528503599297815,7.15877736629358,0.23746910508264663,COMPLETE
463,0.31013960284324643,2026-04-22 00:17:38.066653,2026-04-22 00:17:38.232562,0 days 00:00:00.165909,5.530384144312022,6.876708701371878,0.1401122192396413,COMPLETE
464,0.3098921685051124,2026-04-22 00:17:38.232594,2026-04-22 00:17:38.398136,0 days 00:00:00.165542,6.0160747618992465,7.317056266829578,0.18532980349075023,COMPLETE
465,0.3065961036059357,2026-04-22 00:17:38.398169,2026-04-22 00:17:38.567377,0 days 00:00:00.169208,6.84112103473462,6.487346806910018,0.1263290599883705,COMPLETE
466,0.3112935840881968,2026-04-22 00:17:38.567410,2026-04-22 00:17:38.733703,0 days 00:00:00.166293,5.7436204457135265,7.776662277815267,0.15574631207680073,COMPLETE
467,0.3088510418042385,2026-04-22 00:17:38.733733,2026-04-22 00:17:38.900908,0 days 00:00:00.167175,6.208899661138079,7.865141256101883,0.1787317061063199,COMPLETE
468,0.30722613897455164,2026-04-22 00:17:38.900941,2026-04-22 00:17:39.069481,0 days 00:00:00.168540,5.882717431385417,7.780578993608715,0.15854343433385942,COMPLETE
469,0.3060200135696557,2026-04-22 00:17:39.069515,2026-04-22 00:17:39.239698,0 days 00:00:00.170183,6.329227644981049,8.251432196324423,0.20673723427122903,COMPLETE
470,0.28835078423364047,2026-04-22 00:17:39.239733,2026-04-22 00:17:39.402358,0 days 00:00:00.162625,9.992837018188457,7.593236473335894,0.16125147430364012,COMPLETE
471,0.3107905126020636,2026-04-22 00:17:39.402390,2026-04-22 00:17:39.560165,0 days 00:00:00.157775,5.701054540999779,7.967142330178621,0.14401653806942835,COMPLETE
472,0.30793310212876696,2026-04-22 00:17:39.560197,2026-04-22 00:17:39.723552,0 days 00:00:00.163355,5.720736878226294,8.012128765752504,0.18870638958662717,COMPLETE
473,0.30791171947788426,2026-04-22 00:17:39.723585,2026-04-22 00:17:39.884051,0 days 00:00:00.160466,5.937537794482408,8.347894081918003,0.14966129561617547,COMPLETE
474,0.30848143528640926,2026-04-22 00:17:39.884082,2026-04-22 00:17:40.045414,0 days 00:00:00.161332,6.105238377079935,7.8774141725238165,0.1717869730695416,COMPLETE
475,0.30835588365326927,2026-04-22 00:17:40.045444,2026-04-22 00:17:40.204079,0 days 00:00:00.158635,5.771697661513951,8.052748501040885,0.14685186910111098,COMPLETE
476,0.3054802847324592,2026-04-22 00:17:40.204110,2026-04-22 00:17:40.363766,0 days 00:00:00.159656,6.4880845218898635,8.420746722353472,0.22078046786158362,COMPLETE
477,0.3070224674558899,2026-04-22 00:17:40.363801,2026-04-22 00:17:40.524974,0 days 00:00:00.161173,5.987007217310073,8.199198178317122,0.18374555632011175,COMPLETE
478,0.2801939456259887,2026-04-22 00:17:40.525006,2026-04-22 00:17:40.678125,0 days 00:00:00.153119,6.229335167011861,0.49867505959259883,0.13877533324037153,COMPLETE
479,0.30919965489001744,2026-04-22 00:17:40.678156,2026-04-22 00:17:40.840531,0 days 00:00:00.162375,6.691086643757703,7.8017695372322455,0.16218857875181514,COMPLETE
480,0.30863768187330043,2026-04-22 00:17:40.840561,2026-04-22 00:17:41.003773,0 days 00:00:00.163212,5.665075527269081,7.60652885056865,0.13598807277225627,COMPLETE
481,0.30795014688408756,2026-04-22 00:17:41.003803,2026-04-22 00:17:41.163272,0 days 00:00:00.159469,5.9016904451015755,8.098117039489468,0.19879913980001368,COMPLETE
482,0.30833079670350627,2026-04-22 00:17:41.163309,2026-04-22 00:17:41.322075,0 days 00:00:00.158766,6.143767767047075,7.854406971433621,0.15368772407791728,COMPLETE
483,0.3080895513586118,2026-04-22 00:17:41.322108,2026-04-22 00:17:41.481914,0 days 00:00:00.159806,6.436859434003132,7.558502021626538,0.17031449154887912,COMPLETE
484,0.2990030435176548,2026-04-22 00:17:41.481943,2026-04-22 00:17:41.643021,0 days 00:00:00.161078,1.5936251418117875,7.419050208141021,0.1283339712566561,COMPLETE
485,0.30992242096730654,2026-04-22 00:17:41.643065,2026-04-22 00:17:41.803191,0 days 00:00:00.160126,5.655850425807126,7.924711122805714,0.14710404746322955,COMPLETE
486,0.3094090108407694,2026-04-22 00:17:41.803223,2026-04-22 00:17:41.960925,0 days 00:00:00.157702,6.085658384418045,8.634109103450978,0.11809545286316624,COMPLETE
487,0.30675819793508186,2026-04-22 00:17:41.960955,2026-04-22 00:17:42.116705,0 days 00:00:00.155750,5.875581665994409,7.476468156595933,0.09922087587835618,COMPLETE
488,0.29638062271421023,2026-04-22 00:17:42.116736,2026-04-22 00:17:42.274377,0 days 00:00:00.157641,6.37532668928179,7.6542030757154285,0.3550306356571655,COMPLETE
489,0.308456490705603,2026-04-22 00:17:42.274407,2026-04-22 00:17:42.434115,0 days 00:00:00.159708,6.191103505016039,7.154534070867709,0.1744738737574301,COMPLETE
490,0.3093904586852232,2026-04-22 00:17:42.434146,2026-04-22 00:17:42.589605,0 days 00:00:00.155459,5.958891386299618,7.316979402138764,0.13479196455391312,COMPLETE
491,0.30187186091575835,2026-04-22 00:17:42.589635,2026-04-22 00:17:42.745061,0 days 00:00:00.155426,2.456916453875137,8.168048468855739,0.15037360982409934,COMPLETE
492,0.30842657769331105,2026-04-22 00:17:42.745090,2026-04-22 00:17:42.901881,0 days 00:00:00.156791,6.672353535217596,7.693328309125438,0.11816259660683287,COMPLETE
493,0.3084447477706499,2026-04-22 00:17:42.901912,2026-04-22 00:17:43.054985,0 days 00:00:00.153073,5.717386214125001,6.974010623665677,0.19554721448926748,COMPLETE
494,0.3095335490599691,2026-04-22 00:17:43.055015,2026-04-22 00:17:43.213655,0 days 00:00:00.158640,6.27200719533554,7.303793702418067,0.16333554459980018,COMPLETE
495,0.3097029482122084,2026-04-22 00:17:43.213686,2026-04-22 00:17:43.370507,0 days 00:00:00.156821,6.0352581340132465,7.871574658849496,0.13367261173192482,COMPLETE
496,0.3073170009944916,2026-04-22 00:17:43.370538,2026-04-22 00:17:43.524473,0 days 00:00:00.153935,5.662782940564409,7.452364904868891,0.1002109203946383,COMPLETE
497,0.3093052195050896,2026-04-22 00:17:43.524503,2026-04-22 00:17:43.682950,0 days 00:00:00.158447,6.467141250862977,7.147972713699815,0.14968477372181116,COMPLETE
498,0.3075619339657696,2026-04-22 00:17:43.682979,2026-04-22 00:17:43.838946,0 days 00:00:00.155967,5.831983239719638,6.972540075006757,0.17711276275599416,COMPLETE
499,0.2821060023366602,2026-04-22 00:17:43.838976,2026-04-22 00:17:43.994302,0 days 00:00:00.155326,7.206000328080321,7.674209749110253,0.08193570540082845,COMPLETE
