graph_num,l2_norm,cosine_similarity,g/s_pred_label,g/s_true_label,node_diff_1,edge_diff_1,node_diff_2,edge_diff_2,node_diff_3,edge_diff_3,node_diff_4,edge_diff_4,node_diff_5,edge_diff_5,node_diff_6,edge_diff_6,node_diff_7,edge_diff_7,node_diff_8,edge_diff_8,node_diff_9,edge_diff_9,node_diff_10,edge_diff_10
1,3228.1657330440767,0.9160953817301861,1,1,22,976,22,976,22,976,22,976,22,976,22,976,22,976,12,1079,12,1079,0,-1192
2,178.3647947325929,0.9880695784628706,0,0,6,52,6,52,6,52,6,52,6,52,6,52,6,52,6,63,6,63,0,-68
3,90.11659114724658,0.993858230789991,0,0,3,23,3,23,3,23,3,23,3,23,3,23,3,23,3,34,3,34,0,-45
4,76.86351540230254,0.9949684647846816,0,0,5,21,5,21,5,21,5,21,5,21,5,21,5,21,4,27,4,27,0,-34
5,95.16827202382105,0.9922595444396117,0,1,6,27,6,27,6,27,6,27,6,27,6,27,6,27,3,28,3,28,0,-46
6,93.637599285757,0.9946371075458107,1,1,5,23,5,23,5,23,5,23,5,23,5,23,5,23,2,33,2,33,0,-52
7,158.082257068907,0.9920589040330501,1,1,15,38,15,38,15,38,15,38,15,38,15,38,15,38,5,48,5,48,0,-93
8,182.2388542545195,0.9937988390270169,1,1,15,40,15,40,15,40,15,40,15,40,15,40,15,40,7,69,7,69,0,-104
9,307.0358285282029,0.9890817376569839,1,1,26,80,26,80,26,80,26,80,26,80,26,80,26,80,12,91,12,91,0,-167
10,622.425899204074,0.9811320276209765,1,1,26,-17,26,-17,26,-17,26,-17,26,-17,26,-17,26,-17,10,343,10,343,0,-381
11,1021.9075300632636,0.9806426547953061,1,1,196,-61,196,-61,196,-61,196,-61,196,-61,196,-61,196,-61,25,341,25,341,0,-718
12,1287.4548535773984,0.9792493511915253,1,1,121,-75,121,-75,121,-75,121,-75,121,-75,121,-75,121,-75,26,621,26,621,0,-862
13,1407.979758377229,0.9793994235764575,1,1,110,-84,110,-84,110,-84,110,-84,110,-84,110,-84,110,-84,27,704,27,704,0,-925
14,1462.0755794417744,0.979324395579756,1,1,87,-95,87,-95,87,-95,87,-95,87,-95,87,-95,87,-95,25,752,25,752,0,-943
15,1487.9946236462013,0.9792707187213356,1,1,67,-95,67,-95,67,-95,67,-95,67,-95,67,-95,67,-95,18,793,18,793,0,-928
16,3725.483190137891,0.9699786441194002,1,1,709,275,709,275,709,275,709,275,709,275,709,275,709,275,110,827,110,827,0,-2905
17,3545.667638118384,0.9735318821436558,1,1,226,289,226,289,226,289,226,289,226,289,226,289,226,289,46,1736,46,1736,0,-2366
18,3638.0057723978393,0.9670883629901422,0,0,115,359,115,359,115,359,115,359,115,359,115,359,115,359,49,1877,49,1877,0,-2278
19,3571.2618218215252,0.9666683393413422,0,0,123,359,123,359,123,359,123,359,123,359,123,359,123,359,42,1812,42,1812,0,-2275
20,3698.420203275988,0.9621778685102419,0,0,108,397,108,397,108,397,108,397,108,397,108,397,108,397,36,1892,36,1892,0,-2309
21,3802.242364710593,0.9596856334879418,1,1,77,400,77,400,77,400,77,400,77,400,77,400,77,400,41,1971,41,1971,0,-2350
22,3928.2068428228167,0.9583905060777705,0,1,103,431,103,431,103,431,103,431,103,431,103,431,103,431,41,2002,41,2002,0,-2457
23,1861.854720433364,0.9733750445122802,0,0,70,-36,70,-36,70,-36,70,-36,70,-36,70,-36,70,-36,25,970,25,970,0,-1241
24,1110.0968426223003,0.9826152968102632,0,0,44,17,44,17,44,17,44,17,44,17,44,17,44,17,17,573,17,573,0,-748
25,1010.9169105322158,0.9825730962979579,0,0,69,17,69,17,69,17,69,17,69,17,69,17,69,17,21,490,21,490,0,-711
26,838.2183486419275,0.9852824926537912,0,0,74,14,74,14,74,14,74,14,74,14,74,14,74,14,14,395,14,395,0,-592
27,804.8322806647358,0.9842021146740708,0,0,63,38,63,38,63,38,63,38,63,38,63,38,63,38,21,397,21,397,0,-542
28,722.2347263874813,0.9856411866619917,0,0,52,5,52,5,52,5,52,5,52,5,52,5,52,5,19,359,19,359,0,-494
29,762.760119565778,0.9841090010942118,0,1,81,26,81,26,81,26,81,26,81,26,81,26,81,26,21,347,21,347,0,-538
30,804.9664589285693,0.9821999949305182,1,1,66,37,66,37,66,37,66,37,66,37,66,37,66,37,21,393,21,393,0,-546
31,818.0898483663026,0.9822267954709124,1,1,61,52,61,52,61,52,61,52,61,52,61,52,61,52,21,395,21,395,0,-558
32,767.5936424958195,0.9831720396544046,1,0,43,68,43,68,43,68,43,68,43,68,43,68,43,68,22,374,22,374,0,-513
33,774.3455301091367,0.9828712672884282,1,1,51,60,51,60,51,60,51,60,51,60,51,60,51,60,22,376,22,376,0,-522
34,819.4235778887498,0.9824423969668737,1,1,61,67,61,67,61,67,61,67,61,67,61,67,61,67,18,382,18,382,0,-567
35,838.7490685538793,0.9816004744510414,1,1,57,83,57,83,57,83,57,83,57,83,57,83,57,83,20,403,20,403,0,-554
36,1425.3613576914452,0.9760862118724398,1,1,191,141,191,141,191,141,191,141,191,141,191,141,191,141,34,408,34,408,0,-1141
37,2175.466386777787,0.9709378170670652,1,1,206,332,206,332,206,332,206,332,206,332,206,332,206,332,28,751,28,751,0,-1592
38,2898.3227908568088,0.9630351977205521,1,1,174,510,174,510,174,510,174,510,174,510,174,510,174,510,25,1178,25,1178,0,-1895
39,3227.3740099343927,0.9590124041967945,1,1,131,528,131,528,131,528,131,528,131,528,131,528,131,528,21,1499,21,1499,0,-1962
40,3722.5003693754015,0.9586196130931594,1,1,198,576,198,576,198,576,198,576,198,576,198,576,198,576,29,1653,29,1653,0,-2407
41,4230.225171311806,0.9556090897090334,1,1,203,662,203,662,203,662,203,662,203,662,203,662,203,662,27,1926,27,1926,0,-2668
42,4636.114644829224,0.9507020835229304,1,1,154,756,154,756,154,756,154,756,154,756,154,756,154,756,41,2216,41,2216,0,-2739
43,4077.760414737482,0.9538429336382702,0,0,132,648,132,648,132,648,132,648,132,648,132,648,132,648,13,1956,13,1956,0,-2432
44,3457.64515241226,0.9564654891550142,0,0,113,527,113,527,113,527,113,527,113,527,113,527,113,527,22,1670,22,1670,0,-2084
45,2953.7225665251635,0.9575568451491984,0,0,110,460,110,460,110,460,110,460,110,460,110,460,110,460,24,1440,24,1440,0,-1735
46,2754.332768566645,0.9578633187059151,0,0,95,452,95,452,95,452,95,452,95,452,95,452,95,452,12,1323,12,1323,0,-1610
47,2392.5287877055944,0.9596129859865312,0,0,129,399,129,399,129,399,129,399,129,399,129,399,129,399,11,1073,11,1073,0,-1480
48,2113.3298370107777,0.9610364785104802,0,0,114,373,114,373,114,373,114,373,114,373,114,373,114,373,11,915,11,915,0,-1314
49,2256.616272209345,0.9604468881477836,1,1,130,432,130,432,130,432,130,432,130,432,130,432,130,432,12,914,12,914,0,-1413
50,2705.4321281451507,0.9579519084935122,1,1,141,564,141,564,141,564,141,564,141,564,141,564,141,564,17,1045,17,1045,0,-1664
51,3137.704734355991,0.9522438257005885,1,1,124,722,124,722,124,722,124,722,124,722,124,722,124,722,21,1222,21,1222,0,-1761
52,3419.378306066762,0.9477549150128755,1,1,85,839,85,839,85,839,85,839,85,839,85,839,85,839,17,1374,17,1374,0,-1714
53,3600.739507379005,0.9432388247935006,0,1,86,901,86,901,86,901,86,901,86,901,86,901,86,901,20,1435,20,1435,0,-1764
54,3425.825302025776,0.9430128203864272,0,0,71,871,71,871,71,871,71,871,71,871,71,871,71,871,18,1362,18,1362,0,-1637
55,3227.453795176625,0.942359679430511,0,0,67,823,67,823,67,823,67,823,67,823,67,823,67,823,15,1279,15,1279,0,-1540
56,2761.975017989844,0.9431949774006999,0,0,50,706,50,706,50,706,50,706,50,706,50,706,50,706,12,1105,12,1105,0,-1296
57,2044.9882640250041,0.9498571121809056,0,0,47,528,47,528,47,528,47,528,47,528,47,528,47,528,7,792,7,792,0,-980
58,1609.9099353690567,0.9524844710895299,0,0,52,417,52,417,52,417,52,417,52,417,52,417,52,417,15,618,15,618,0,-769
59,1447.469861516985,0.9566006431831557,0,0,50,366,50,366,50,366,50,366,50,366,50,366,50,366,12,558,12,558,0,-719
60,1311.5467967251493,0.9648096339776864,1,0,46,321,46,321,46,321,46,321,46,321,46,321,46,321,17,517,17,517,0,-670
61,1208.5689885149295,0.9697374975986993,0,0,51,299,51,299,51,299,51,299,51,299,51,299,51,299,14,464,14,464,0,-621
62,1101.4563087113352,0.9728531587660925,1,0,38,256,38,256,38,256,38,256,38,256,38,256,38,256,13,454,13,454,0,-576
63,995.6836847111637,0.9774957447629532,1,1,40,220,40,220,40,220,40,220,40,220,40,220,40,220,13,418,13,418,0,-540
64,893.7085654731077,0.9798705801840004,0,0,37,195,37,195,37,195,37,195,37,195,37,195,37,195,15,379,15,379,0,-485
65,771.1711872210994,0.9823676224774716,0,0,42,167,42,167,42,167,42,167,42,167,42,167,42,167,14,323,14,323,0,-422
66,644.0861743586801,0.9851812837580126,0,0,30,137,30,137,30,137,30,137,30,137,30,137,30,137,18,280,18,280,0,-346
67,488.1034726366941,0.9880029767675693,0,0,24,98,24,98,24,98,24,98,24,98,24,98,24,98,18,218,18,218,0,-267
68,373.94384605178357,0.9915656885468724,0,0,28,71,28,71,28,71,28,71,28,71,28,71,28,71,7,154,7,154,0,-227
69,298.7758357029564,0.9935679413350508,0,0,29,44,29,44,29,44,29,44,29,44,29,44,29,44,9,125,9,125,0,-196
70,285.68864170631633,0.9931506018263804,0,0,20,62,20,62,20,62,20,62,20,62,20,62,20,62,8,113,8,113,0,-162
71,273.52147996089815,0.9928279474487892,0,0,13,50,13,50,13,50,13,50,13,50,13,50,13,50,7,124,7,124,0,-159
72,362.4044701711059,0.9901755091828389,1,1,28,78,28,78,28,78,28,78,28,78,28,78,28,78,7,139,7,139,0,-211
73,387.42095968081026,0.9899291461041332,1,1,23,73,23,73,23,73,23,73,23,73,23,73,23,73,6,164,6,164,0,-235
74,464.60090400256433,0.9867089973616539,1,1,25,102,25,102,25,102,25,102,25,102,25,102,25,102,8,189,8,189,0,-259
75,435.5238225401683,0.9888926377040745,1,1,26,80,26,80,26,80,26,80,26,80,26,80,26,80,7,181,7,181,0,-273
76,507.41797366668044,0.9851298893643959,0,1,32,115,32,115,32,115,32,115,32,115,32,115,32,115,8,199,8,199,0,-280
77,509.64105015196725,0.9858001903508768,1,1,23,107,23,107,23,107,23,107,23,107,23,107,23,107,6,210,6,210,0,-296
78,508.1367926060856,0.9856325723033185,1,0,22,114,22,114,22,114,22,114,22,114,22,114,22,114,3,210,3,210,0,-275
79,458.56297277473243,0.9865041809010938,0,0,20,88,20,88,20,88,20,88,20,88,20,88,20,88,7,203,7,203,0,-266
80,451.3867521316947,0.9863120298178453,0,0,27,93,27,93,27,93,27,93,27,93,27,93,27,93,7,189,7,189,0,-258
81,412.09950254762504,0.9888858371016247,1,0,24,69,24,69,24,69,24,69,24,69,24,69,24,69,11,190,11,190,0,-245
82,303.75318928366823,0.9926864664606752,0,0,23,36,23,36,23,36,23,36,23,36,23,36,23,36,8,141,8,141,0,-199
83,261.2336119261838,0.9940424680739662,0,0,21,30,21,30,21,30,21,30,21,30,21,30,21,30,4,118,4,118,0,-176
84,207.12315177207978,0.9954046523224084,0,0,24,13,24,13,24,13,24,13,24,13,24,13,24,13,7,91,7,91,0,-145
85,210.1261525845843,0.9951935373706876,0,0,24,16,24,16,24,16,24,16,24,16,24,16,24,16,8,86,8,86,0,-153
86,223.118802434936,0.9950231403755325,1,1,27,29,27,29,27,29,27,29,27,29,27,29,27,29,5,83,5,83,0,-158
87,283.146605135926,0.9927158310933347,1,1,35,48,35,48,35,48,35,48,35,48,35,48,35,48,7,101,7,101,0,-187
88,324.47187859658965,0.9897645907724822,1,1,31,63,31,63,31,63,31,63,31,63,31,63,31,63,7,127,7,127,0,-196
89,359.42314894842264,0.9868297306308985,1,1,29,53,29,53,29,53,29,53,29,53,29,53,29,53,7,168,7,168,0,-217
90,369.99054041961665,0.9848774739079561,0,0,21,52,21,52,21,52,21,52,21,52,21,52,21,52,6,181,6,181,0,-222
91,383.2962300884265,0.9840301318306477,1,1,28,52,28,52,28,52,28,52,28,52,28,52,28,52,4,184,4,184,0,-234
92,479.3401714857623,0.9798389990600309,1,1,49,42,49,42,49,42,49,42,49,42,49,42,49,42,8,220,8,220,0,-322
93,487.40024620428744,0.9779019109123814,1,1,42,25,42,25,42,25,42,25,42,25,42,25,42,25,9,235,9,235,0,-332
94,522.0948189744847,0.9790519540661147,1,1,64,26,64,26,64,26,64,26,64,26,64,26,64,26,12,225,12,225,0,-371
95,490.8441707915049,0.9825599059165714,1,0,40,34,40,34,40,34,40,34,40,34,40,34,40,34,9,233,9,233,0,-336
96,510.4194353666404,0.982937209952316,0,1,49,25,49,25,49,25,49,25,49,25,49,25,49,25,11,240,11,240,0,-352
97,478.8371330630071,0.9864149757206299,1,1,28,11,28,11,28,11,28,11,28,11,28,11,28,11,8,233,8,233,0,-338
98,545.4576060520194,0.9849737422286322,1,1,36,36,36,36,36,36,36,36,36,36,36,36,36,36,19,273,19,273,0,-360
99,434.12440613262,0.9890578802132286,0,0,34,22,34,22,34,22,34,22,34,22,34,22,34,22,8,214,8,214,0,-292
100,386.8268346430997,0.9919965616526408,0,0,27,22,27,22,27,22,27,22,27,22,27,22,27,22,8,186,8,186,0,-268
101,316.39374203672236,0.9943641823903314,0,0,17,5,17,5,17,5,17,5,17,5,17,5,17,5,3,158,3,158,0,-219
102,434.4847523216436,0.9909694109509223,1,1,40,15,40,15,40,15,40,15,40,15,40,15,40,15,13,188,13,188,0,-324
103,640.399875078064,0.9846552273979932,1,1,75,33,75,33,75,33,75,33,75,33,75,33,75,33,22,249,22,249,0,-488
104,691.9328002053379,0.9818847451391998,1,1,42,59,42,59,42,59,42,59,42,59,42,59,42,59,15,335,15,335,0,-466
105,813.8427366512525,0.9788073168096115,1,1,69,90,69,90,69,90,69,90,69,90,69,90,69,90,20,366,20,366,0,-551
106,832.0360569109971,0.979970527040264,1,1,58,86,58,86,58,86,58,86,58,86,58,86,58,86,19,389,19,389,0,-560
107,886.6301370921248,0.9789663066748687,1,1,65,101,65,101,65,101,65,101,65,101,65,101,65,101,19,402,19,402,0,-601
108,943.7028133898934,0.9762017055191489,0,0,52,118,52,118,52,118,52,118,52,118,52,118,52,118,17,446,17,446,0,-613
109,1089.1363550997644,0.9922465349327301,1,1,159,56,159,56,159,56,159,56,159,56,159,56,159,56,29,342,29,342,0,-867
110,2259.2412443119038,0.9835032326559606,1,1,57,509,57,509,57,509,57,509,57,509,57,509,57,509,19,945,19,945,0,-1217
111,2290.4482094122977,0.9844150286635996,1,1,77,532,77,532,77,532,77,532,77,532,77,532,77,532,30,923,30,923,0,-1232
112,2321.799086915145,0.9841342940461925,0,0,89,554,89,554,89,554,89,554,89,554,89,554,89,554,40,922,40,922,0,-1218
113,2164.089646941642,0.9860667472723189,0,0,75,512,75,512,75,512,75,512,75,512,75,512,75,512,27,861,27,861,0,-1151
114,2169.878337603286,0.9863384789463777,0,0,61,509,61,509,61,509,61,509,61,509,61,509,61,509,29,884,29,884,0,-1142
115,2231.320461072322,0.986626161748962,1,1,70,540,70,540,70,540,70,540,70,540,70,540,70,540,29,868,29,868,0,-1181
116,2043.0988718121305,0.9768604028073129,0,0,66,534,66,534,66,534,66,534,66,534,66,534,66,534,25,763,25,763,0,-991
117,601.6951055144125,0.9942610709619529,0,0,45,66,45,66,45,66,45,66,45,66,45,66,45,66,23,258,23,258,0,-428
118,559.4684977726628,0.9956909697628483,1,1,38,66,38,66,38,66,38,66,38,66,38,66,38,66,19,223,19,223,0,-415
119,586.2064482756907,0.9954280101523515,1,1,47,51,47,51,47,51,47,51,47,51,47,51,47,51,20,244,20,244,0,-436
120,611.785092986091,0.9953627476996781,1,1,43,78,43,78,43,78,43,78,43,78,43,78,43,78,19,258,19,258,0,-430
121,634.0283905315282,0.9952641487906735,0,0,48,88,48,88,48,88,48,88,48,88,48,88,48,88,19,267,19,267,0,-434
122,580.1663554533303,0.9962683794889159,1,1,34,59,34,59,34,59,34,59,34,59,34,59,34,59,9,244,9,244,0,-430
123,670.1335687756583,0.9952865879084284,0,1,46,97,46,97,46,97,46,97,46,97,46,97,46,97,14,278,14,278,0,-462
124,688.6174554859904,0.9950073182813931,0,0,40,109,40,109,40,109,40,109,40,109,40,109,40,109,15,292,15,292,0,-457
125,660.7071968731686,0.9950356474748242,1,1,46,67,46,67,46,67,46,67,46,67,46,67,46,67,16,293,16,293,0,-467
126,698.9241732834829,0.9943705242692933,1,1,38,93,38,93,38,93,38,93,38,93,38,93,38,93,9,321,9,321,0,-460
127,755.9007871407464,0.9930009921827082,0,0,47,113,47,113,47,113,47,113,47,113,47,113,47,113,18,336,18,336,0,-490
128,823.5799900434687,0.9929687966551417,1,1,47,136,47,136,47,136,47,136,47,136,47,136,47,136,19,351,19,351,0,-535
129,780.1967700522735,0.9940279828216712,1,0,43,138,43,138,43,138,43,138,43,138,43,138,43,138,17,333,17,333,0,-490
130,903.906521715603,0.99336562056581,1,1,44,173,44,173,44,173,44,173,44,173,44,173,44,173,13,347,13,347,0,-594
131,1398.4688055155182,0.9873090964683572,1,1,89,216,89,216,89,216,89,216,89,216,89,216,89,216,20,510,20,510,0,-1026
132,2282.326006511778,0.9751072402051362,1,1,146,447,146,447,146,447,146,447,146,447,146,447,146,447,20,828,20,828,0,-1513
133,2544.7644291761076,0.9696899016357539,1,1,80,565,80,565,80,565,80,565,80,565,80,565,80,565,15,1090,15,1090,0,-1349
134,2568.4985886700424,0.9736221339860887,1,1,73,529,73,529,73,529,73,529,73,529,73,529,73,529,13,1146,13,1146,0,-1405
135,2748.4208193069708,0.9697885669884324,0,0,91,602,91,602,91,602,91,602,91,602,91,602,91,602,23,1190,23,1190,0,-1458
136,2822.406065753119,0.9668819606883159,0,0,95,649,95,649,95,649,95,649,95,649,95,649,95,649,14,1183,14,1183,0,-1468
137,2863.9158507190814,0.9687350189463725,1,1,78,648,78,648,78,648,78,648,78,648,78,648,78,648,16,1201,16,1201,0,-1528
138,2187.6274819996206,0.9751335766508026,0,0,91,405,91,405,91,405,91,405,91,405,91,405,91,405,19,985,19,985,0,-1280
139,1281.4472287222757,0.9861515293886821,0,0,99,45,99,45,99,45,99,45,99,45,99,45,99,45,21,611,21,611,0,-901
140,1293.7070765826397,0.9872454548742403,1,1,93,67,93,67,93,67,93,67,93,67,93,67,93,67,18,618,18,618,0,-904
141,1280.1925636403298,0.9859152040379668,0,0,78,61,78,61,78,61,78,61,78,61,78,61,78,61,21,636,21,636,0,-872
142,1362.622104620353,0.9857825969119771,1,1,99,46,99,46,99,46,99,46,99,46,99,46,99,46,14,664,14,664,0,-944
143,1431.2871829231196,0.9849401993512161,1,1,98,72,98,72,98,72,98,72,98,72,98,72,98,72,14,705,14,705,0,-975
144,1416.4063682432384,0.982942340904992,0,0,83,67,83,67,83,67,83,67,83,67,83,67,83,67,16,708,16,708,0,-961
145,1367.4790674814733,0.9828171336410474,0,0,93,83,93,83,93,83,93,83,93,83,93,83,93,83,14,670,14,670,0,-929
146,1319.1864917440596,0.9809975811396127,0,0,72,113,72,113,72,113,72,113,72,113,72,113,72,113,13,660,13,660,0,-862
147,1239.5470947083859,0.97987387948751,0,0,62,123,62,123,62,123,62,123,62,123,62,123,62,123,11,628,11,628,0,-784
148,1159.4576318261913,0.9807761169766699,0,0,54,115,54,115,54,115,54,115,54,115,54,115,54,115,9,584,9,584,0,-741
149,1054.2129765849024,0.9789730268419756,0,0,63,128,63,128,63,128,63,128,63,128,63,128,63,128,10,515,10,515,0,-662
150,958.0861130399501,0.9801387788495214,0,0,53,119,53,119,53,119,53,119,53,119,53,119,53,119,7,464,7,464,0,-607
151,874.6827996479639,0.978972463955274,0,0,42,103,42,103,42,103,42,103,42,103,42,103,42,103,8,429,8,429,0,-557
152,879.5385153590489,0.9818168336744293,1,1,75,76,75,76,75,76,75,76,75,76,75,76,75,76,13,397,13,397,0,-615
153,917.3815999898843,0.9799845890336754,1,1,68,87,68,87,68,87,68,87,68,87,68,87,68,87,15,438,15,438,0,-610
154,978.8554540891112,0.9809062790890672,1,1,69,87,69,87,69,87,69,87,69,87,69,87,69,87,15,471,15,471,0,-654
155,998.4593131420028,0.9819096546662348,1,1,75,77,75,77,75,77,75,77,75,77,75,77,75,77,14,481,14,481,0,-673
156,1085.1774048513912,0.9815139069731309,1,1,92,109,92,109,92,109,92,109,92,109,92,109,92,109,18,503,18,503,0,-727
157,1083.1841948625358,0.9832973461523756,1,1,62,75,62,75,62,75,62,75,62,75,62,75,62,75,13,539,13,539,0,-725
158,1236.7186422141456,0.9827231064157612,1,1,81,84,81,84,81,84,81,84,81,84,81,84,81,84,10,595,10,595,0,-852
159,1208.8147087126297,0.9831539903139799,0,0,83,97,83,97,83,97,83,97,83,97,83,97,83,97,12,587,12,587,0,-811
160,1250.591060259108,0.9836000171406527,1,1,71,145,71,145,71,145,71,145,71,145,71,145,71,145,16,610,16,610,0,-798
161,1204.4525727483006,0.9847519952746271,1,0,74,148,74,148,74,148,74,148,74,148,74,148,74,148,12,577,12,577,0,-770
162,1229.343727360253,0.9836340252160689,1,1,74,153,74,153,74,153,74,153,74,153,74,153,74,153,8,599,8,599,0,-769
163,1258.3425606725698,0.9824985629541438,0,0,78,156,78,156,78,156,78,156,78,156,78,156,78,156,19,608,19,608,0,-794
164,1124.976444197833,0.9843928650970077,0,0,56,151,56,151,56,151,56,151,56,151,56,151,56,151,13,535,13,535,0,-715
165,986.5439675959709,0.985660606015712,0,0,56,126,56,126,56,126,56,126,56,126,56,126,56,126,16,456,16,456,0,-651
166,925.4782547418389,0.9853750448727743,0,0,47,133,47,133,47,133,47,133,47,133,47,133,47,133,13,421,13,421,0,-602
167,926.3482066696087,0.9839218629814404,0,0,53,148,53,148,53,148,53,148,53,148,53,148,53,148,11,406,11,406,0,-596
168,845.4070025733167,0.9842098111696294,0,0,51,129,51,129,51,129,51,129,51,129,51,129,51,129,14,367,14,367,0,-557
169,771.7149732900094,0.9839768040060155,0,0,42,118,42,118,42,118,42,118,42,118,42,118,42,118,16,340,16,340,0,-504
170,757.9709756976187,0.9832443334104429,0,0,42,110,42,110,42,110,42,110,42,110,42,110,42,110,18,318,18,318,0,-524
171,788.712241568495,0.9804957876331724,0,1,44,116,44,116,44,116,44,116,44,116,44,116,44,116,18,345,18,345,0,-525
172,808.1522133855725,0.9766878686341713,0,0,37,130,37,130,37,130,37,130,37,130,37,130,37,130,22,357,22,357,0,-519
173,838.6262576380494,0.9762306331793368,1,1,53,127,53,127,53,127,53,127,53,127,53,127,53,127,20,358,20,358,0,-560
174,800.7003184712743,0.9763841259856519,1,0,30,115,30,115,30,115,30,115,30,115,30,115,30,115,17,364,17,364,0,-526
175,809.189718174916,0.9731383529572448,0,0,36,102,36,102,36,102,36,102,36,102,36,102,36,102,15,379,15,379,0,-534
176,838.5594791068788,0.970251032932671,0,0,40,114,40,114,40,114,40,114,40,114,40,114,40,114,16,393,16,393,0,-540
177,733.2857560323943,0.9729606060171719,0,0,30,89,30,89,30,89,30,89,30,89,30,89,30,89,18,356,18,356,0,-471
178,685.008029150024,0.9747648742865366,0,0,32,83,32,83,32,83,32,83,32,83,32,83,32,83,11,331,11,331,0,-441
179,577.3361239347491,0.9793557963893577,1,0,24,49,24,49,24,49,24,49,24,49,24,49,24,49,10,283,10,283,0,-390
180,553.6406776962834,0.97821671823281,0,0,29,70,29,70,29,70,29,70,29,70,29,70,29,70,10,249,10,249,0,-377
181,557.5517913162867,0.9761701565317273,0,0,30,57,30,57,30,57,30,57,30,57,30,57,30,57,15,255,15,255,0,-389
182,493.39335220491165,0.9802105912414667,1,1,37,30,37,30,37,30,37,30,37,30,37,30,37,30,8,211,8,211,0,-372
183,489.6570228231185,0.9805361651272374,0,0,31,30,31,30,31,30,31,30,31,30,31,30,31,30,10,216,10,216,0,-365
184,502.00796806425296,0.9805578548108566,1,0,37,51,37,51,37,51,37,51,37,51,37,51,37,51,13,222,13,222,0,-354
185,467.562830002557,0.9823846207619195,0,0,24,27,24,27,24,27,24,27,24,27,24,27,24,27,11,221,11,221,0,-334
186,495.9455615286823,0.981414926648086,0,1,33,44,33,44,33,44,33,44,33,44,33,44,33,44,12,217,12,217,0,-361
187,501.81470683908816,0.9802974048713813,0,0,25,65,25,65,25,65,25,65,25,65,25,65,25,65,10,236,10,236,0,-326
188,483.4387241419537,0.97926070268752,0,0,15,71,15,71,15,71,15,71,15,71,15,71,15,71,15,230,15,230,0,-301
189,428.8636146842024,0.9825280114039543,0,0,27,70,27,70,27,70,27,70,27,70,27,70,27,70,14,188,14,188,0,-271
190,414.2390614126099,0.9811269307787852,0,0,21,71,21,71,21,71,21,71,21,71,21,71,21,71,16,176,16,176,0,-266
191,464.1885392811848,0.9750605347059067,1,1,21,99,21,99,21,99,21,99,21,99,21,99,21,99,12,190,12,190,0,-267
192,402.1243588742169,0.9778830645958951,0,0,15,73,15,73,15,73,15,73,15,73,15,73,15,73,6,175,6,175,0,-248
193,358.34620131933866,0.9765897806337671,0,0,7,70,7,70,7,70,7,70,7,70,7,70,7,70,6,162,6,162,0,-203
194,321.47006081437814,0.9787037386818261,0,0,10,59,10,59,10,59,10,59,10,59,10,59,10,59,7,141,7,141,0,-196
195,338.0192302221872,0.9776268342835236,1,1,18,55,18,55,18,55,18,55,18,55,18,55,18,55,6,147,6,147,0,-218
196,305.21140214611904,0.9787488608776744,1,0,12,34,12,34,12,34,12,34,12,34,12,34,12,34,4,147,4,147,0,-202
197,328.07773469103324,0.9736439520288082,0,0,13,50,13,50,13,50,13,50,13,50,13,50,13,50,7,155,7,155,0,-202
198,267.2208824175236,0.9780818463594915,0,0,11,31,11,31,11,31,11,31,11,31,11,31,11,31,4,134,4,134,0,-167
199,242.53041046433745,0.979907662056246,0,0,10,24,10,24,10,24,10,24,10,24,10,24,10,24,2,120,2,120,0,-159
200,256.865723676788,0.9781622749335076,1,1,15,23,15,23,15,23,15,23,15,23,15,23,15,23,5,126,5,126,0,-170
201,232.9313203500122,0.9803222418893508,0,0,13,25,13,25,13,25,13,25,13,25,13,25,13,25,4,111,4,111,0,-155
202,194.1082172397655,0.9827024460570168,0,0,14,14,14,14,14,14,14,14,14,14,14,14,14,14,5,92,5,92,0,-134
203,154.78695035434995,0.9873144616100278,0,0,10,1,10,1,10,1,10,1,10,1,10,1,10,1,5,73,5,73,0,-112
204,1106.4325555586297,0.942316729733165,1,1,18,304,18,304,18,304,18,304,18,304,18,304,18,304,9,419,9,419,0,-473
205,1078.7724505195708,0.9472550457750989,1,1,15,290,15,290,15,290,15,290,15,290,15,290,15,290,6,417,6,417,0,-475
206,1100.210888875401,0.9469605324852166,1,1,16,299,16,299,16,299,16,299,16,299,16,299,16,299,8,418,8,418,0,-483
207,1107.0600706375421,0.9457283204728125,0,0,15,299,15,299,15,299,15,299,15,299,15,299,15,299,11,423,11,423,0,-490
208,1117.9754022338775,0.9463437952761603,1,1,22,296,22,296,22,296,22,296,22,296,22,296,22,296,10,430,10,430,0,-513
209,1111.017101578549,0.9473838944852433,1,1,15,280,15,280,15,280,15,280,15,280,15,280,15,280,10,450,10,450,0,-528
210,1122.1755655867757,0.945306388032132,0,0,17,289,17,289,17,289,17,289,17,289,17,289,17,289,10,446,10,446,0,-524
211,601.0790297456733,0.9731678973117958,0,0,86,50,86,50,86,50,86,50,86,50,86,50,86,50,15,117,15,117,0,-514
212,814.7987481580958,0.956317104975806,1,1,19,170,19,170,19,170,19,170,19,170,19,170,19,170,11,358,11,358,0,-450
213,805.6866636602595,0.9602064132278082,1,1,22,170,22,170,22,170,22,170,22,170,22,170,22,170,10,341,10,341,0,-459
214,892.5166665110518,0.9555980116478922,1,1,20,201,20,201,20,201,20,201,20,201,20,201,20,201,13,380,13,380,0,-471
215,849.3797737172696,0.9596687666008922,1,0,19,187,19,187,19,187,19,187,19,187,19,187,19,187,5,361,5,361,0,-462
216,876.344110495415,0.9576954332941141,1,1,20,192,20,192,20,192,20,192,20,192,20,192,20,192,11,380,11,380,0,-467
217,851.33013572879,0.9594117698698776,1,0,17,185,17,185,17,185,17,185,17,185,17,185,17,185,9,369,9,369,0,-459
218,329.9348420521846,0.9780396920913593,0,0,13,33,13,33,13,33,13,33,13,33,13,33,13,33,8,157,8,157,0,-225
219,268.50884529191956,0.9793066550779409,0,0,13,23,13,23,13,23,13,23,13,23,13,23,13,23,8,131,8,131,0,-181
220,227.15633383201094,0.982495257486002,0,0,10,23,10,23,10,23,10,23,10,23,10,23,10,23,5,113,5,113,0,-147
221,244.82851141155925,0.9792647629801036,0,0,12,22,12,22,12,22,12,22,12,22,12,22,12,22,6,116,6,116,0,-169
222,272.9688626931651,0.9737661051608227,0,0,14,31,14,31,14,31,14,31,14,31,14,31,14,31,5,131,5,131,0,-179
223,219.65655009582574,0.9787090603927906,1,0,10,30,10,30,10,30,10,30,10,30,10,30,10,30,2,106,2,106,0,-137
224,217.90135382782734,0.9772474692100607,0,0,8,24,8,24,8,24,8,24,8,24,8,24,8,24,4,110,4,110,0,-137
225,223.95312009436262,0.9755767650955244,0,0,11,31,11,31,11,31,11,31,11,31,11,31,11,31,5,109,5,109,0,-137
226,206.83810093887442,0.9762474573780449,1,0,10,31,10,31,10,31,10,31,10,31,10,31,10,31,3,98,3,98,0,-127
227,226.96034895990093,0.9688736159798106,0,0,13,32,13,32,13,32,13,32,13,32,13,32,13,32,7,107,7,107,0,-142
228,167.69615380204758,0.9793313672899573,1,0,6,16,6,16,6,16,6,16,6,16,6,16,6,16,5,86,5,86,0,-106
229,142.23923509355637,0.9829480021274961,0,0,8,9,8,9,8,9,8,9,8,9,8,9,8,9,2,70,2,70,0,-97
230,131.38112497615478,0.9830769564716154,0,0,2,14,2,14,2,14,2,14,2,14,2,14,2,14,1,63,1,63,0,-89
231,135.42156401400774,0.9843059483351135,1,1,5,14,5,14,5,14,5,14,5,14,5,14,5,14,3,63,3,63,0,-94
232,155.74016822900893,0.9787697933759729,0,1,9,19,9,19,9,19,9,19,9,19,9,19,9,19,4,68,4,68,0,-109
233,149.65961379076188,0.9808624702361214,0,0,6,19,6,19,6,19,6,19,6,19,6,19,6,19,3,70,3,70,0,-99
234,150.15991475756772,0.979334384440493,1,1,7,11,7,11,7,11,7,11,7,11,7,11,7,11,1,74,1,74,0,-102
235,162.90794946840379,0.9775254923530609,1,1,9,14,9,14,9,14,9,14,9,14,9,14,9,14,3,79,3,79,0,-110
236,165.70757375569772,0.9751005706707315,0,0,5,16,5,16,5,16,5,16,5,16,5,16,5,16,5,83,5,83,0,-108
237,176.64087862100325,0.9721695186746084,1,1,4,13,4,13,4,13,4,13,4,13,4,13,4,13,3,90,3,90,0,-117
238,157.13370103195558,0.9818179885358488,1,1,10,11,10,11,10,11,10,11,10,11,10,11,10,11,5,77,5,77,0,-106
239,201.6209314530612,0.9720117205114526,0,1,7,12,7,12,7,12,7,12,7,12,7,12,7,12,7,99,7,99,0,-140
240,189.75510533316356,0.9772131891042081,1,1,6,4,6,4,6,4,6,4,6,4,6,4,6,4,3,100,3,100,0,-125
241,182.72657168567466,0.9718682104464933,0,0,2,1,2,1,2,1,2,1,2,1,2,1,2,1,1,102,1,102,0,-112
242,190.02368273454758,0.9674908582149682,0,0,11,6,11,6,11,6,11,6,11,6,11,6,11,6,4,99,4,99,0,-124
243,189.4887859478761,0.9677755539352246,0,0,12,15,12,15,12,15,12,15,12,15,12,15,12,15,4,99,4,99,0,-117
244,179.65800844938698,0.9697399532059978,1,0,7,12,7,12,7,12,7,12,7,12,7,12,7,12,2,97,2,97,0,-110
245,150.1399347275734,0.9719035724450567,0,0,6,12,6,12,6,12,6,12,6,12,6,12,6,12,3,80,3,80,0,-92
246,136.9634987870856,0.9702149880396855,0,0,4,18,4,18,4,18,4,18,4,18,4,18,4,18,3,70,3,70,0,-81
247,123.21120078953861,0.9741176352528618,0,0,6,16,6,16,6,16,6,16,6,16,6,16,6,16,2,60,2,60,0,-77
248,122.29881438509533,0.978418815969477,1,1,6,19,6,19,6,19,6,19,6,19,6,19,6,19,4,59,4,59,0,-72
249,90.28288874421332,0.986318587784587,0,0,5,11,5,11,5,11,5,11,5,11,5,11,5,11,2,44,2,44,0,-57
250,89.39798655450804,0.9847843471682941,0,0,3,10,3,10,3,10,3,10,3,10,3,10,3,10,1,47,1,47,0,-53
251,80.61637550770935,0.9871167939410777,1,1,3,6,3,6,3,6,3,6,3,6,3,6,3,6,2,44,2,44,0,-48
252,104.65658125507444,0.9801078132894465,0,1,9,1,9,1,9,1,9,1,9,1,9,1,9,1,5,50,5,50,0,-73
253,115.69788243524597,0.9812999552267947,1,1,10,4,10,4,10,4,10,4,10,4,10,4,10,4,3,54,3,54,0,-82
254,121.79080425056729,0.9825533622274791,1,1,7,10,7,10,7,10,7,10,7,10,7,10,7,10,3,62,3,62,0,-78
255,124.6755790040696,0.9818459133858325,0,0,7,7,7,7,7,7,7,7,7,7,7,7,7,7,2,65,2,65,0,-80
256,139.31618714277246,0.9832194666354502,1,1,11,1,11,1,11,1,11,1,11,1,11,1,11,1,2,69,2,69,0,-95
257,193.7653219748054,0.9801674083530071,1,1,21,12,21,12,21,12,21,12,21,12,21,12,21,12,9,86,9,86,0,-136
258,203.18710589011303,0.9814112364017711,1,1,10,4,10,4,10,4,10,4,10,4,10,4,10,4,6,104,6,104,0,-137
259,160.68914089010497,0.9897171602997479,1,1,12,11,12,11,12,11,12,11,12,11,12,11,12,11,3,74,3,74,0,-114
260,168.84608375677536,0.9889989920776172,1,1,6,-3,6,-3,6,-3,6,-3,6,-3,6,-3,6,-3,3,80,3,80,0,-124
261,222.36006835760776,0.9862557180055166,1,1,19,14,19,14,19,14,19,14,19,14,19,14,19,14,8,88,8,88,0,-173
262,339.53055827126957,0.9807336651358929,1,1,30,50,30,50,30,50,30,50,30,50,30,50,30,50,10,110,10,110,0,-259
263,487.3981944980921,0.9694508901674298,1,1,22,105,22,105,22,105,22,105,22,105,22,105,22,105,12,195,12,195,0,-284
264,510.5937719949197,0.9680147779346849,1,0,20,119,20,119,20,119,20,119,20,119,20,119,20,119,10,205,10,205,0,-273
265,499.31553150287647,0.970263845208031,1,1,17,117,17,117,17,117,17,117,17,117,17,117,17,117,9,198,9,198,0,-270
266,566.1271941887264,0.9698102475610363,1,1,23,131,23,131,23,131,23,131,23,131,23,131,23,131,11,206,11,206,0,-334
267,1431.0838549854443,0.9665223425463308,1,1,89,227,89,227,89,227,89,227,89,227,89,227,89,227,23,278,23,278,0,-1215
268,1986.9177134446206,0.9392388334664502,1,1,29,555,29,555,29,555,29,555,29,555,29,555,29,555,13,711,13,711,0,-880
