Graph Number,Average Node Degree,Unique Degree Count,Degree Centrality,Assortivity Coefficient,Clustering Coefficient,Density,Number of Weakly Connected Components,Number of Strongly Connected Components,Number of Nodes,Number of Edges,Eigenvalue_1,Eigenvalue_2,Eigenvalue_3,Eigenvalue_4,Eigenvalue_5
2,2.3200436919716,34,0.0012677834382358469,-0.13608938922158442,0.05007815135750502,0.0006338917191179236,434,1766,1831,2124,3.3947744600580654,3.3353491043835195,-2.6277995842816746,-2.2012598252498043,1.6875092318735943
3,2.2757111597374178,35,0.0012455999779624621,-0.1495511311192584,0.03867242290733405,0.000622799988981231,431,1731,1828,2080,3.5024556273865985,2.1318787672571773,1.9254529369860094,-1.6261446984779047,-1.3729785500954619
4,2.2940226171243943,33,0.0012360035652609882,-0.12562073313966102,0.05331551002678236,0.0006180017826304941,380,1814,1857,2130,2.8941141836615274,-1.831152866913899,1.831152866913896,1.6914668312955106,1.4087411509415837
5,2.339989206691851,35,0.0012634930921662263,-0.20537230889192282,0.04014604076019207,0.0006317465460831132,446,1818,1853,2168,2.47519521945887,-1.6888201692744196,1.1731324002717312,-1.173132400271725,-1.0870534300928894
6,2.2291325695581015,36,0.0012167754200644657,-0.2784586262245434,0.04798461053249987,0.0006083877100322329,631,1771,1833,2043,3.0407938685124103,2.177914413642714,1.9287898145541265,-1.3237378939813043,1.2436058568216124
7,2.139642238892095,33,0.0012353592603303084,-0.24808708218366018,0.08113044722803728,0.0006176796301651543,532,1712,1733,1854,2.6289772744378412,-1.9161592291871503,1.6853433611294908,-1.1735373994919933,-0.854432116022094
8,2.096755162241888,28,0.001237753932846451,-0.23822891360068396,0.03684288832949397,0.0006188769664232255,530,1672,1695,1777,3.0956993861016375,-2.4895846022717985,2.4895846022717865,-1.5835044587885283,1.583504458788527
9,2.10392749244713,28,0.0012720238769329685,-0.27996768760722845,0.06559638663575734,0.0006360119384664842,415,1613,1655,1741,2.772438625979898,-2.56191116333231,1.350855771257654,-1.0675134458389086,-0.5947913361191361
10,2.1638349514563107,32,0.0013138038563790596,-0.2906966217625524,0.08643891754825626,0.0006569019281895297,424,1638,1648,1783,1.4783140317868368,-1.4783140317868355,1.4001584613225462,-1.4001584613225462,-0.816186671680062
11,2.0825852782764813,33,0.0012470570528601683,-0.18699015723442955,0.08798863015299582,0.0006235285264300841,462,1653,1671,1740,2.1544123903154526,-2.154412390315452,-1.0640195807190946,1.0640195807190926,-1.0597409275140108
12,2.00611620795107,32,0.0012277332973996758,-0.3122453681876052,0.07248195493639133,0.0006138666486998379,476,1608,1635,1640,2.1490923943922975,-1.2784272327800144,-1.2784272327800144,0.9816378513819589,-0.9816378513819582
13,2.0048076923076925,33,0.0012055367963365558,-0.21793763969560484,0.08646807048516657,0.0006027683981682779,481,1624,1664,1668,3.6661982161111055,-2.096597711984011,-1.4903501380616697,1.3118885131889528,-1.1447983826564885
14,1.970326409495549,31,0.0011700275590828678,-0.18018818379636337,0.07197754176348005,0.0005850137795414338,556,1666,1685,1660,-1.2687443776533545,1.2687443776533542,1.1958479885000362,-1.0798707548388689,1.0027554686152444
15,2.0255072463768116,34,0.001174888193954067,-0.3602588385066048,0.07658035887240502,0.0005874440969770335,585,1701,1725,1747,2.6168319341395305,-1.6555153952399473,1.6555153952399473,-1.2327128709876216,-1.2327128709876216
16,2.0216216216216214,36,0.0010933594492274863,-0.2991170499100735,0.03558466577333213,0.000546679724613743,621,1815,1850,1870,3.7343819728785426,-3.000205694539721,2.75199694300555,-1.7119553892765915,1.7119553892765897
17,1.971875,36,0.0010275534132360602,-0.35166276842874317,0.0653614600878358,0.0005137767066180302,556,1893,1920,1893,2.7060874647126507,-1.6434911687303644,-1.6434911687303644,-1.0717546124036135,-1.0717546124036135
18,1.9926431949553336,36,0.0010476567796820892,-0.15961551756784598,0.03527769457241823,0.0005238283898410446,580,1897,1903,1896,-1.9193155450572947,1.9193155450572932,1.195631519690331,-1.1956315196903304,-0.6235242073038003
19,2.002044989775051,36,0.0010240639333887727,-0.2622094124322283,0.09592671346318234,0.0005120319666943865,570,1926,1956,1958,2.459217037354235,-2.279900509891964,1.956463144434579,-1.2423962721931467,-1.2423962721931467
20,1.9938208032955715,38,0.0010272131907756682,-0.27036898950786026,0.08791786071544541,0.000513606595387834,551,1898,1942,1936,3.881421572066827,-3.776729171627743,0.6265345959369816,-0.3725619534066056,-0.36106330366972494
21,2.0072840790842874,33,0.0010449162306529346,-0.2007356681700385,0.0712607798759122,0.0005224581153264673,567,1879,1922,1929,5.16628326062912,-3.8701341615133793,-1.490955988256584,-1.4731869762943877,-1.4731869762943877
22,1.9896640826873384,35,0.0010287818421340945,-0.3682558173988947,0.07922316061609491,0.0005143909210670472,490,1910,1935,1925,3.7064433812452,-3.6215126267825153,1.1062079064482426,-1.1043560770323402,-0.47697279860132163
23,1.9957424161788184,28,0.0010626956422677416,-0.12911208134769545,0.12257554821937804,0.0005313478211338708,502,1851,1879,1875,3.8007971974983485,-1.9430453031046346,-1.426364138998124,-0.6324112715296238,0.5146051908502102
24,1.9902227050516024,32,0.0010816427744845666,-0.3505640578327464,0.11532268467293152,0.0005408213872422833,554,1792,1841,1832,6.073355768777268,-3.2647740560643843,2.996995528317392,-2.2761219696300174,-1.9481269417238787
25,1.9571045576407506,41,0.00104994879701757,-0.10259745290362732,0.052385956917877466,0.0005249743985087851,584,1810,1865,1825,4.832624556822229,-2.5557466330125567,2.440357522850171,2.440357522850171,-2.030603371168669
26,1.9679380873410723,38,0.001088461331493956,-0.2536756651592872,0.08911494793660663,0.000544230665746978,776,1740,1809,1780,5.8420555838368395,-4.332133843711976,2.045258631237359,-1.3249236874939057,-0.843828518521692
27,1.974458634092171,36,0.0010969214633845393,-0.3486512214671043,0.07499966045431411,0.0005484607316922698,499,1751,1801,1778,6.360791348726,3.7809890284297465,-2.900545690715239,-1.7815072649747916,-1.7310043683586684
28,1.9944382647385985,31,0.0011098710432602106,-0.3355594434176538,0.058021870157166325,0.0005549355216301053,430,1782,1798,1793,3.7452702868327012,-2.120519302882153,-2.120519302882153,1.1496642093249831,1.0397293690260714
29,1.9655172413793103,26,0.0011302571830818344,-0.33740415085667014,0.0473357756133302,0.0005651285915409173,353,1705,1740,1710,4.563010339307328,-2.184848381381559,-2.184848381381559,-1.7995546782832488,1.7158803736702155
30,1.973902728351127,31,0.0011714556251342,-0.16062027751402916,0.045004356533033855,0.0005857278125671,374,1651,1686,1664,6.16489536663383,3.860283616276465,-2.581151633048945,-2.581151633048945,-1.858235512705381
31,1.964525993883792,34,0.0012022802900145606,-0.15325708589715434,0.07112594324381954,0.0006011401450072803,443,1597,1635,1606,6.5250662553733445,-3.141393126825848,-2.501839624983088,-2.501839624983088,1.6377808798404212
32,1.9314565483476132,28,0.00118276579813081,-0.2033421311192718,0.06298128958511594,0.0005913828990654051,382,1600,1634,1578,5.165918291335572,-2.878906706469399,-1.674180311986547,-1.674180311986547,-1.6615285420812402
33,1.907729179149191,30,0.0011437225294659418,-0.07666073618541043,0.0933142106300381,0.000571861264732971,442,1648,1669,1592,4.3748321000148795,-1.6670179414768298,-1.6670179414768298,-1.3144505040977297,-1.3144505040977297
34,1.8702064896755162,32,0.0011040179986278136,-0.3138697000215748,0.07415809024368604,0.0005520089993139068,496,1646,1695,1585,5.294336521139993,-1.944356990760585,-1.944356990760585,-1.7907091810149662,1.6524194952992486
35,1.8675417661097853,33,0.001114950308125245,-0.22979683355292377,0.025714492635404755,0.0005574751540626225,479,1630,1676,1565,5.2921276542961095,-1.9409817200455104,-1.7832335544444025,-1.7832335544444025,1.7802817856681519
36,1.8704259148170366,28,0.0011227046307425192,-0.20982318373430753,0.07519882166306624,0.0005613523153712595,441,1629,1667,1559,6.338014742659411,-2.9483039545877645,-2.5894584906304132,-2.23195895246289,2.0505435759853126
37,1.8636633076467102,30,0.0011053756273112158,-0.3675963931850872,0.019582349209148798,0.000552687813655608,415,1648,1687,1572,3.865869547712959,-2.8382870641495135,-2.0382435034135318,-2.0382435034135318,1.9925942396264265
38,1.8824911868390128,30,0.001106696758870672,-0.17550798448398683,0.03702851991175375,0.000553348379435336,472,1675,1702,1602,6.094328082536942,-2.4549585315505356,-2.4549585315505356,-2.376919884014462,-1.8938519425872855
39,1.8709677419354838,33,0.0010979857640466455,-0.1851835845613474,0.04220177288143639,0.0005489928820233228,490,1677,1705,1595,5.447747166586608,-2.8364590987179645,-1.6867061754759565,-1.6867061754759565,1.5018242057725606
40,1.8879813302217037,26,0.0011021490544201424,-0.084545752318765,0.03348371607679237,0.0005510745272100711,373,1696,1714,1618,3.3640177060954484,-1.4099319306613025,-1.4099319306613025,-0.9796405598427933,-0.9796405598427933
41,1.8619896492236918,26,0.0010713404195763475,-0.34800052374775925,0.03800561634086214,0.0005356702097881737,397,1679,1739,1619,6.384282662795546,-4.407457696018508,-1.9753123065453106,-1.7684077896755492,-1.7684077896755492
42,1.8211658177702321,26,0.0010312377224067,-0.29692127097614884,0.04260082490661688,0.00051561886120335,396,1734,1767,1609,5.2454090639397295,-4.249370638362567,2.671916819583524,-2.437229528369764,-1.4865072651813886
43,1.83,31,0.001017231795441912,-0.36190783395435,0.022070551821431927,0.0005086158977209561,429,1766,1800,1647,5.931130742098209,-4.902239017208817,-2.2660512688453442,2.242504574126872,-1.398233983961744
44,1.9094422970734402,29,0.0010549404956206854,-0.38622578011604636,0.0355950146278934,0.0005274702478103426,364,1776,1811,1729,5.144929309656446,-3.3763389526498555,1.7662190264979902,-1.6426937173834717,-1.6426937173834717
45,1.9365079365079365,30,0.0010605191328082895,-0.3700930798875963,0.06182472811863041,0.0005302595664041448,470,1793,1827,1769,7.027118514680099,-5.413962815238885,2.8307946003154947,-2.4375030985188806,-1.5155036307361853
46,1.9627397260273973,36,0.0010760634462869503,-0.36997844376573025,0.03703647934284938,0.0005380317231434751,532,1792,1825,1791,8.22677238491053,-4.559787811652614,2.503382424541206,-2.155787724750102,-1.6410981361038919
47,1.9317180616740088,35,0.001064307471996699,-0.28957950763686857,0.02684786541762583,0.0005321537359983496,467,1780,1816,1754,6.105095401772711,-3.779199513548719,1.948494502932095,-1.8054112569212597,1.5471644165427656
48,1.9668760708166761,30,0.001123929183323815,-0.18559765159703073,0.11843773507732391,0.0005619645916619075,479,1717,1751,1722,5.1436003471905405,-2.751808613083739,-2.751808613083739,2.359622272658966,-2.0241103972615795
49,1.9703534777651084,33,0.001123989433978955,-0.32026141669946684,0.059401032316003195,0.0005619947169894776,474,1709,1754,1728,5.221867387493531,-2.917065348533056,-2.917065348533056,-1.4775879845845858,-1.4775879845845858
50,1.973364215402432,32,0.0011433164631532051,-0.3344318063811076,0.06703999687638774,0.0005716582315766026,493,1676,1727,1704,7.507532320581962,-2.7562327520120706,-2.691822749059234,1.904892521107678,1.7517454310268807
51,1.945465323058684,30,0.001153894023166479,-0.38801937860037145,0.06830944482679593,0.0005769470115832396,417,1646,1687,1641,9.975367151069133,-4.46460317848863,-3.1490774995443687,-2.561024044289071,2.2164133817287563
52,1.9545175169022742,29,0.0012020402932978317,-0.3912139775059816,0.08990041288450148,0.0006010201466489157,461,1561,1627,1590,10.181222509923167,-4.8446316563303,-3.9019168806015223,-2.6876928826975193,2.0604634042653367
53,1.928921568627451,28,0.0011826619059641023,-0.39879613293356464,0.11239701814199182,0.0005913309529820512,554,1574,1632,1574,10.120893382910989,-4.089092722469684,-2.5016965138811673,-2.40637354076393,-2.40637354076393
54,1.9012345679012346,29,0.0011183732752360204,-0.40676225073972644,0.037151376524268045,0.0005591866376180102,492,1672,1701,1617,9.908639918554702,-4.142227267478714,-3.0141516264783177,-3.0141516264783177,-2.9152641568829982
55,1.9125934445083381,30,0.0011004565273350622,-0.46636983759984924,0.05858600750040367,0.0005502282636675311,517,1708,1739,1663,9.893335205444705,-3.4490543887804925,-3.4490543887804925,-3.330855994359101,2.072777545396071
56,1.902946273830156,37,0.0010999689444104947,-0.442070608795775,0.04718111828918687,0.0005499844722052473,682,1682,1731,1647,9.604885721586555,-3.0095139571070044,2.9677039882879543,-2.489658739569344,-2.489658739569344
57,1.9377162629757785,33,0.001118128253303969,-0.37916663690270724,0.08491568362607241,0.0005590641266519845,602,1694,1734,1680,9.655831531813165,-3.8645989327351336,-3.8645989327351336,-1.8741450983975716,-1.8741450983975716
58,1.9407069555302165,32,0.0011070775559214013,-0.4068759311175403,0.09358974923264507,0.0005535387779607006,603,1674,1754,1702,7.612861208330754,-2.4370764626345394,-1.8536511870429304,-1.8536511870429304,1.4119500850420565
59,1.9283683911313245,29,0.0010969103476287396,-0.38155946384101785,0.09303602459511492,0.0005484551738143699,510,1667,1759,1696,6.946966243801217,-2.69506037716941,-2.69506037716941,-2.6251614764989912,1.9137967524322685
60,1.946067415730337,31,0.0010939108576336913,-0.39842902996718615,0.10982414686474025,0.0005469554288168458,614,1642,1780,1732,7.607618609019192,-3.334791363263194,2.8529114555029853,-2.332778508377324,-2.332778508377324
61,1.9533560864618884,30,0.0011117564521695438,-0.3426927001940226,0.08228383517070893,0.0005558782260847719,529,1662,1758,1717,8.7951497772253,-3.0277540687736515,-2.898335849839902,-2.4195295312727643,-2.4195295312727643
62,1.9293572669368848,34,0.001117819969256596,-0.451629315472624,0.08726807456591415,0.0005589099846282981,584,1636,1727,1666,7.779777617896926,-3.148593536400579,-2.6517108610241986,2.2603666231356394,2.2603666231356394
63,1.912794033275961,31,0.001098044795221562,-0.41517287390282176,0.09046812077309119,0.000549022397610781,564,1709,1743,1667,6.087872316692302,-2.1879920510356956,-2.1879920510356956,1.41668832013085,-1.3678795250636586
64,1.8806488991888761,32,0.0010902312459065949,-0.39575432499035074,0.08709292666090153,0.0005451156229532974,662,1612,1726,1623,8.244212398383516,-4.0466326593617765,-2.5034080348001897,-2.5034080348001897,2.2599480599671926
65,1.8518518518518519,30,0.0010557878288779087,-0.479484238576218,0.07914616249292182,0.0005278939144389543,590,1715,1755,1625,6.912225150555054,-4.468758815565463,-2.440791251008437,-2.440791251008437,1.9318292857351185
66,1.8577165806081468,30,0.001066427428592507,-0.3755786558876517,0.08660226889414184,0.0005332137142962534,549,1678,1743,1619,6.6148613856917855,-3.612414103903247,-1.588974944382677,-1.588974944382677,1.5138729204975536
67,1.851125216387767,28,0.0010687789932954774,-0.49901680312452096,0.07881827993219367,0.0005343894966477387,518,1653,1733,1604,7.5740946855364,-3.986717609448853,-1.95752837233778,-1.95752837233778,1.4443173775163762
68,1.8708551483420592,31,0.0010889727289534689,-0.4652650160355684,0.100574851213947,0.0005444863644767343,678,1619,1719,1608,7.144288443270048,4.881507565080729,-3.063556231665007,-2.753100742252917,-2.753100742252917
69,1.8790697674418604,38,0.0010931179566270276,-0.5382851585937858,0.06952247775767026,0.0005465589783135138,761,1673,1720,1616,11.697425354600409,4.1360039325882365,-3.3434382483688916,-2.8086923710418805,-2.8086923710418805
70,1.8973188819167142,28,0.0010829445673040605,-0.4434706494689731,0.10267703857213038,0.0005414722836520303,550,1704,1753,1663,8.3699242591358,-2.427804978432766,-2.427804978432766,-2.2698744240568507,-2.2698744240568507
71,1.9291338582677164,26,0.001085612750854089,-0.3478787466290316,0.10608684166868856,0.0005428063754270447,560,1749,1778,1715,8.609800966755344,-2.839918908912601,-2.4878604170956446,-2.4878604170956446,-1.7353007218168601
72,1.9326977005047672,34,0.0010845666108332027,-0.45957099691594433,0.08799139708071126,0.0005422833054166014,649,1673,1783,1723,6.609716371928333,-4.145593454580578,3.811713009899959,-2.4542985293766337,-2.4542985293766337
73,1.953072625698324,30,0.0010917119204574201,-0.4701245052721445,0.08592996747383447,0.00054585596022871,585,1736,1790,1748,8.257013170614142,-3.9599643966058413,-3.1869361769510443,3.1074248291258058,2.7716917402654717
74,1.9739819004524888,27,0.0011171374648853928,-0.5935375086603167,0.187631385340684,0.0005585687324426963,741,1674,1768,1745,8.405252673577497,-5.386193711364996,-3.225405723033359,3.1456301959222888,3.1456301959222888
75,1.9619686800894856,31,0.0010979119642358622,-0.49193132898778885,0.10118182862551281,0.000548955982117931,512,1755,1788,1754,7.6088543415530605,2.7632550776750238,-2.6838837867237446,-2.6838837867237446,-2.0628457419384834
76,2.0133259300388673,29,0.0011185144055771486,-0.34416154505684765,0.09944834180458804,0.0005592572027885742,405,1769,1801,1813,4.940997058624479,-2.1863806234348813,-2.1863806234348813,1.9968960135887244,1.2813566370955798
77,2.0275785990071706,33,0.0011189727367589242,-0.5529818044465052,0.09668982566178164,0.000559486368379462,584,1740,1813,1838,9.961538752060626,-3.849934344944403,-3.849934344944403,3.0491471180024527,2.3308118107039104
78,2.0466407551360355,28,0.001137022641742242,-0.32897138052304753,0.1106352392689785,0.000568511320871121,491,1774,1801,1843,7.454521135391299,-2.792950342236435,-2.792950342236435,-2.1902713846041664,-2.1902713846041664
79,2.077224398433128,28,0.0011630595735907772,-0.43771559511162195,0.11019860873641232,0.0005815297867953886,415,1742,1787,1856,8.518790564034838,-4.443562845474872,-3.1826751498456236,-3.1826751498456236,2.0402122620432417
80,2.0584926884139483,30,0.0011584089411445968,-0.40470597561777505,0.12406342455792246,0.0005792044705722983,497,1732,1778,1830,7.899946771763728,-2.339905355605332,-2.295535547308172,-2.295535547308172,-1.547950751744743
81,2.0727069351230427,28,0.0011598807695148534,-0.40402373998473556,0.14616918893789466,0.0005799403847574266,502,1767,1788,1853,10.062632329106721,-3.0520712595377186,-2.369027335397875,-2.369027335397875,-2.07847670623092
82,2.0562770562770565,32,0.0011133064733497868,-0.5467240437640101,0.1152735323791991,0.0005566532366748934,572,1785,1848,1900,10.365377467971593,-3.5507823368222446,-2.835237266373789,-2.631319185512705,-2.631319185512705
83,2.0421519689406544,29,0.001133269683096923,-0.46535943009779607,0.1058286756915327,0.0005666348415484612,486,1747,1803,1841,8.425757059200983,-3.829225996966168,-2.014988251010522,-1.9564129981701077,-1.9564129981701077
84,2.0391061452513966,28,0.0011398022052830615,-0.4427728960214811,0.09368870100315857,0.0005699011026415306,438,1724,1790,1825,7.837397350070056,-4.042918332797902,-2.918606206184619,-2.320355511793798,-2.320355511793798
85,2.037204058624577,28,0.0011490152614915836,-0.4052944889717406,0.09235900156215901,0.0005745076307457917,411,1705,1774,1807,7.492510692468061,-3.574627181855562,2.6808976049088478,-2.5082196260143386,-2.5082196260143386
86,1.9842608206857786,39,0.0011160072107344087,-0.5396575088266213,0.1093563084914551,0.0005580036053672043,750,1652,1779,1765,9.482900424697634,-3.6829923026920652,-2.9520931502228924,-2.9520931502228924,2.6915790795658507
87,1.9599555061179088,31,0.001090681973354429,-0.4208467761919725,0.14583533590884057,0.0005453409866772145,737,1725,1798,1762,11.782906546159381,-3.277635058296346,-2.922698430214623,2.701141614368412,-2.5383253340712884
88,1.9422972237343494,28,0.0010578960913585783,-0.4121645826352639,0.12242973808682302,0.000528948045679289,556,1793,1837,1784,8.600170078167231,-3.306344831991495,-2.654530209986089,-2.654530209986089,2.03519959021492
89,1.9574468085106382,26,0.0010966088563084807,-0.32138832512126103,0.1355719840039266,0.0005483044281542405,566,1732,1786,1748,7.024796620490449,-2.977178294456349,-2.977178294456349,-2.1396588501992526,1.6422517575609183
90,1.909433962264151,24,0.0010298996560216562,-0.3924449935802654,0.13563127678280731,0.0005149498280108282,522,1821,1855,1771,7.0453555450441705,-2.700822541851851,-2.700822541851851,-1.7959747563655877,-1.7959747563655877
91,1.928647497337593,21,0.001027515981533081,-0.5664704708832998,0.11404190506507966,0.0005137579907665405,443,1839,1878,1811,6.799937582279193,-3.136811762124432,-3.136811762124432,-2.0187782710179234,-1.8643316607096836
92,2.0277065161621346,21,0.0010409171027526355,-0.6324159490138382,0.10189866473985805,0.0005204585513763179,406,1904,1949,1976,6.003856843017061,-3.2847290773740956,-2.187936541784673,-2.187936541784673,2.0369458272959227
93,2.1515444015444016,33,0.0010388915507215843,-0.47760047123953864,0.17697827159482096,0.0005194457753607923,648,1973,2072,2229,10.707792291105392,4.039935694046579,-2.7574087755246666,-2.1865691805018184,-2.1865691805018184
94,2.1609638554216866,32,0.0010419304992390003,-0.644525303333152,0.15295389068315093,0.0005209652496195002,585,2009,2075,2242,9.061469479403206,-3.062688926101086,-3.062688926101086,-2.1966822653129476,-2.0719329962134454
