0,1,2,3,4,5,6,7,8,9,10,11,12,13,14,15,16,17,18,19,20,21,22,23,24,25,26,27,28,29
232.0,30.0,30.0,232.0,30.0,30.0,232.0,30.0,30.0,232.0,30.0,30.0,328.0,83.0,83.0,381.0,135.0,135.0,381.0,135.0,135.0,467.0,295.0,295.0,516.0,485.0,485.0,559.0,896.0,896.0
221.0,34.0,34.0,221.0,34.0,34.0,221.0,34.0,34.0,221.0,34.0,34.0,321.0,85.0,85.0,372.0,133.0,133.0,372.0,133.0,133.0,459.0,303.0,303.0,498.0,451.0,451.0,542.0,863.0,863.0
219.0,28.0,28.0,219.0,28.0,28.0,219.0,28.0,28.0,219.0,28.0,28.0,321.0,79.0,79.0,370.0,124.0,124.0,370.0,124.0,124.0,462.0,309.0,309.0,501.0,460.0,460.0,544.0,862.0,862.0
236.0,25.0,25.0,236.0,25.0,25.0,236.0,25.0,25.0,236.0,25.0,25.0,333.0,78.0,78.0,392.0,138.0,138.0,392.0,138.0,138.0,478.0,307.0,307.0,522.0,476.0,476.0,563.0,896.0,896.0
236.0,28.0,28.0,236.0,28.0,28.0,236.0,28.0,28.0,236.0,28.0,28.0,326.0,76.0,76.0,385.0,139.0,139.0,385.0,139.0,139.0,480.0,333.0,333.0,522.0,498.0,498.0,562.0,888.0,888.0
218.0,25.0,25.0,218.0,25.0,25.0,218.0,25.0,25.0,218.0,25.0,25.0,302.0,71.0,71.0,369.0,142.0,142.0,369.0,142.0,142.0,465.0,333.0,333.0,510.0,509.0,509.0,546.0,880.0,880.0
233.0,27.0,27.0,233.0,27.0,27.0,233.0,27.0,27.0,233.0,27.0,27.0,323.0,67.0,67.0,378.0,132.0,132.0,378.0,132.0,132.0,467.0,321.0,321.0,509.0,472.0,472.0,551.0,883.0,883.0
244.0,30.0,30.0,244.0,30.0,30.0,244.0,30.0,30.0,244.0,30.0,30.0,324.0,63.0,63.0,389.0,141.0,141.0,389.0,141.0,141.0,476.0,318.0,318.0,513.0,450.0,450.0,564.0,915.0,915.0
249.0,32.0,32.0,249.0,32.0,32.0,249.0,32.0,32.0,249.0,32.0,32.0,343.0,81.0,81.0,401.0,142.0,142.0,401.0,142.0,142.0,491.0,330.0,330.0,531.0,469.0,469.0,582.0,947.0,947.0
228.0,27.0,27.0,228.0,27.0,27.0,228.0,27.0,27.0,228.0,27.0,27.0,327.0,71.0,71.0,388.0,140.0,140.0,388.0,140.0,140.0,481.0,330.0,330.0,524.0,480.0,480.0,578.0,985.0,985.0
230.0,28.0,28.0,230.0,28.0,28.0,230.0,28.0,28.0,230.0,28.0,28.0,333.0,76.0,76.0,396.0,144.0,144.0,396.0,144.0,144.0,483.0,341.0,341.0,520.0,460.0,460.0,579.0,968.0,968.0
238.0,24.0,24.0,238.0,24.0,24.0,238.0,24.0,24.0,238.0,24.0,24.0,344.0,75.0,75.0,407.0,149.0,149.0,407.0,149.0,149.0,482.0,309.0,309.0,528.0,464.0,464.0,585.0,966.0,966.0
253.0,31.0,31.0,253.0,31.0,31.0,253.0,31.0,31.0,253.0,31.0,31.0,368.0,83.0,83.0,427.0,153.0,153.0,427.0,153.0,153.0,514.0,330.0,330.0,554.0,479.0,479.0,611.0,983.0,983.0
253.0,28.0,28.0,253.0,28.0,28.0,253.0,28.0,28.0,253.0,28.0,28.0,367.0,74.0,74.0,441.0,157.0,157.0,441.0,157.0,157.0,527.0,348.0,348.0,567.0,492.0,492.0,622.0,978.0,978.0
245.0,27.0,27.0,245.0,27.0,27.0,245.0,27.0,27.0,245.0,27.0,27.0,353.0,76.0,76.0,420.0,160.0,160.0,420.0,160.0,160.0,502.0,326.0,326.0,545.0,491.0,491.0,593.0,922.0,922.0
259.0,31.0,31.0,259.0,31.0,31.0,259.0,31.0,31.0,259.0,31.0,31.0,354.0,74.0,74.0,412.0,148.0,148.0,412.0,148.0,148.0,507.0,341.0,341.0,552.0,519.0,519.0,596.0,912.0,912.0
245.0,32.0,32.0,245.0,32.0,32.0,245.0,32.0,32.0,245.0,32.0,32.0,344.0,82.0,82.0,406.0,153.0,153.0,406.0,153.0,153.0,511.0,384.0,384.0,550.0,543.0,543.0,588.0,882.0,882.0
239.0,26.0,26.0,239.0,26.0,26.0,239.0,26.0,26.0,239.0,26.0,26.0,338.0,78.0,78.0,395.0,149.0,149.0,395.0,149.0,149.0,487.0,341.0,341.0,536.0,532.0,532.0,575.0,883.0,883.0
242.0,25.0,25.0,242.0,25.0,25.0,242.0,25.0,25.0,242.0,25.0,25.0,327.0,72.0,72.0,391.0,150.0,150.0,391.0,150.0,150.0,487.0,338.0,338.0,530.0,504.0,504.0,578.0,917.0,917.0
247.0,30.0,30.0,247.0,30.0,30.0,247.0,30.0,30.0,247.0,30.0,30.0,339.0,77.0,77.0,398.0,145.0,145.0,398.0,145.0,145.0,507.0,366.0,366.0,549.0,524.0,524.0,595.0,937.0,937.0
236.0,28.0,28.0,236.0,28.0,28.0,236.0,28.0,28.0,236.0,28.0,28.0,332.0,75.0,75.0,394.0,144.0,144.0,394.0,144.0,144.0,494.0,345.0,345.0,542.0,512.0,512.0,594.0,971.0,971.0
241.0,25.0,25.0,241.0,25.0,25.0,241.0,25.0,25.0,241.0,25.0,25.0,346.0,83.0,83.0,411.0,156.0,156.0,411.0,156.0,156.0,505.0,336.0,336.0,548.0,486.0,486.0,608.0,984.0,984.0
230.0,23.0,23.0,230.0,23.0,23.0,230.0,23.0,23.0,230.0,23.0,23.0,341.0,81.0,81.0,400.0,148.0,148.0,400.0,148.0,148.0,494.0,331.0,331.0,542.0,501.0,501.0,601.0,991.0,991.0
225.0,22.0,22.0,225.0,22.0,22.0,225.0,22.0,22.0,225.0,22.0,22.0,331.0,77.0,77.0,387.0,145.0,145.0,387.0,145.0,145.0,490.0,344.0,344.0,534.0,489.0,489.0,592.0,992.0,992.0
230.0,28.0,28.0,230.0,28.0,28.0,230.0,28.0,28.0,230.0,28.0,28.0,328.0,76.0,76.0,393.0,152.0,152.0,393.0,152.0,152.0,490.0,329.0,329.0,544.0,528.0,528.0,598.0,996.0,996.0
226.0,20.0,20.0,226.0,20.0,20.0,226.0,20.0,20.0,226.0,20.0,20.0,318.0,69.0,69.0,382.0,132.0,132.0,382.0,132.0,132.0,488.0,350.0,350.0,531.0,503.0,503.0,588.0,986.0,986.0
238.0,28.0,28.0,238.0,28.0,28.0,238.0,28.0,28.0,238.0,28.0,28.0,332.0,76.0,76.0,397.0,149.0,149.0,397.0,149.0,149.0,489.0,324.0,324.0,540.0,516.0,516.0,593.0,989.0,989.0
244.0,24.0,24.0,244.0,24.0,24.0,244.0,24.0,24.0,244.0,24.0,24.0,332.0,73.0,73.0,402.0,150.0,150.0,402.0,150.0,150.0,495.0,332.0,332.0,545.0,515.0,515.0,592.0,958.0,958.0
239.0,23.0,23.0,239.0,23.0,23.0,239.0,23.0,23.0,239.0,23.0,23.0,319.0,64.0,64.0,390.0,139.0,139.0,390.0,139.0,139.0,478.0,307.0,307.0,520.0,462.0,462.0,572.0,949.0,949.0
228.0,19.0,19.0,228.0,19.0,19.0,228.0,19.0,19.0,228.0,19.0,19.0,321.0,67.0,67.0,390.0,143.0,143.0,390.0,143.0,143.0,471.0,292.0,292.0,510.0,439.0,439.0,565.0,937.0,937.0
250.0,23.0,23.0,250.0,23.0,23.0,250.0,23.0,23.0,250.0,23.0,23.0,346.0,71.0,71.0,412.0,147.0,147.0,412.0,147.0,147.0,490.0,301.0,301.0,539.0,483.0,483.0,587.0,935.0,935.0
257.0,26.0,26.0,257.0,26.0,26.0,257.0,26.0,26.0,257.0,26.0,26.0,362.0,82.0,82.0,423.0,153.0,153.0,423.0,153.0,153.0,500.0,306.0,306.0,549.0,495.0,495.0,598.0,943.0,943.0
269.0,25.0,25.0,269.0,25.0,25.0,269.0,25.0,25.0,269.0,25.0,25.0,375.0,79.0,79.0,439.0,150.0,150.0,439.0,150.0,150.0,539.0,362.0,362.0,575.0,490.0,490.0,628.0,985.0,985.0
267.0,29.0,29.0,267.0,29.0,29.0,267.0,29.0,29.0,267.0,29.0,29.0,373.0,82.0,82.0,446.0,158.0,158.0,446.0,158.0,158.0,538.0,343.0,343.0,584.0,515.0,515.0,633.0,992.0,992.0
264.0,30.0,30.0,264.0,30.0,30.0,264.0,30.0,30.0,264.0,30.0,30.0,368.0,81.0,81.0,440.0,164.0,164.0,440.0,164.0,164.0,534.0,356.0,356.0,578.0,529.0,529.0,628.0,991.0,991.0
264.0,35.0,35.0,264.0,35.0,35.0,264.0,35.0,35.0,264.0,35.0,35.0,379.0,95.0,95.0,457.0,186.0,186.0,457.0,186.0,186.0,543.0,354.0,354.0,590.0,522.0,522.0,642.0,1009.0,1009.0
265.0,33.0,33.0,265.0,33.0,33.0,265.0,33.0,33.0,265.0,33.0,33.0,379.0,91.0,91.0,463.0,191.0,191.0,463.0,191.0,191.0,548.0,361.0,361.0,587.0,497.0,497.0,643.0,1005.0,1005.0
266.0,32.0,32.0,266.0,32.0,32.0,266.0,32.0,32.0,266.0,32.0,32.0,381.0,89.0,89.0,459.0,176.0,176.0,459.0,176.0,176.0,546.0,356.0,356.0,588.0,512.0,512.0,640.0,1000.0,1000.0
266.0,35.0,35.0,266.0,35.0,35.0,266.0,35.0,35.0,266.0,35.0,35.0,380.0,88.0,88.0,467.0,184.0,184.0,467.0,184.0,184.0,553.0,366.0,366.0,590.0,497.0,497.0,646.0,1014.0,1014.0
260.0,40.0,40.0,260.0,40.0,40.0,260.0,40.0,40.0,260.0,40.0,40.0,363.0,85.0,85.0,445.0,166.0,166.0,445.0,166.0,166.0,539.0,363.0,363.0,581.0,511.0,511.0,634.0,999.0,999.0
257.0,35.0,35.0,257.0,35.0,35.0,257.0,35.0,35.0,257.0,35.0,35.0,368.0,95.0,95.0,447.0,172.0,172.0,447.0,172.0,172.0,548.0,399.0,399.0,590.0,545.0,545.0,638.0,994.0,994.0
242.0,35.0,35.0,242.0,35.0,35.0,242.0,35.0,35.0,242.0,35.0,35.0,355.0,93.0,93.0,431.0,175.0,175.0,431.0,175.0,175.0,539.0,412.0,412.0,579.0,545.0,545.0,628.0,987.0,987.0
242.0,34.0,34.0,242.0,34.0,34.0,242.0,34.0,34.0,242.0,34.0,34.0,354.0,95.0,95.0,430.0,172.0,172.0,430.0,172.0,172.0,533.0,385.0,385.0,574.0,525.0,525.0,623.0,992.0,992.0
250.0,38.0,38.0,250.0,38.0,38.0,250.0,38.0,38.0,250.0,38.0,38.0,362.0,96.0,96.0,440.0,180.0,180.0,440.0,180.0,180.0,547.0,413.0,413.0,581.0,526.0,526.0,630.0,987.0,987.0
263.0,45.0,45.0,263.0,45.0,45.0,263.0,45.0,45.0,263.0,45.0,45.0,379.0,110.0,110.0,456.0,191.0,191.0,456.0,191.0,191.0,554.0,398.0,398.0,587.0,502.0,502.0,640.0,991.0,991.0
229.0,31.0,31.0,229.0,31.0,31.0,229.0,31.0,31.0,229.0,31.0,31.0,341.0,91.0,91.0,427.0,180.0,180.0,427.0,180.0,180.0,534.0,404.0,404.0,570.0,542.0,542.0,620.0,993.0,993.0
241.0,35.0,35.0,241.0,35.0,35.0,241.0,35.0,35.0,241.0,35.0,35.0,348.0,91.0,91.0,439.0,192.0,192.0,439.0,192.0,192.0,537.0,410.0,410.0,575.0,554.0,554.0,624.0,980.0,980.0
243.0,36.0,36.0,243.0,36.0,36.0,243.0,36.0,36.0,243.0,36.0,36.0,356.0,97.0,97.0,449.0,205.0,205.0,449.0,205.0,205.0,548.0,433.0,433.0,577.0,546.0,546.0,624.0,951.0,951.0
238.0,38.0,38.0,238.0,38.0,38.0,238.0,38.0,38.0,238.0,38.0,38.0,340.0,82.0,82.0,430.0,191.0,191.0,430.0,191.0,191.0,527.0,406.0,406.0,564.0,554.0,554.0,610.0,945.0,945.0
237.0,42.0,42.0,237.0,42.0,42.0,237.0,42.0,42.0,237.0,42.0,42.0,338.0,89.0,89.0,423.0,189.0,189.0,423.0,189.0,189.0,519.0,402.0,402.0,557.0,553.0,553.0,599.0,909.0,909.0
241.0,43.0,43.0,241.0,43.0,43.0,241.0,43.0,43.0,241.0,43.0,43.0,351.0,97.0,97.0,441.0,209.0,209.0,441.0,209.0,209.0,524.0,379.0,379.0,570.0,558.0,558.0,616.0,943.0,943.0
247.0,44.0,44.0,247.0,44.0,44.0,247.0,44.0,44.0,247.0,44.0,44.0,355.0,101.0,101.0,432.0,192.0,192.0,432.0,192.0,192.0,518.0,362.0,362.0,564.0,535.0,535.0,612.0,940.0,940.0
246.0,42.0,42.0,246.0,42.0,42.0,246.0,42.0,42.0,246.0,42.0,42.0,346.0,83.0,83.0,429.0,184.0,184.0,429.0,184.0,184.0,517.0,365.0,365.0,562.0,548.0,548.0,609.0,952.0,952.0
242.0,33.0,33.0,242.0,33.0,33.0,242.0,33.0,33.0,242.0,33.0,33.0,348.0,79.0,79.0,424.0,167.0,167.0,424.0,167.0,167.0,511.0,358.0,358.0,556.0,526.0,526.0,602.0,949.0,949.0
225.0,26.0,26.0,225.0,26.0,26.0,225.0,26.0,26.0,225.0,26.0,26.0,354.0,82.0,82.0,425.0,166.0,166.0,425.0,166.0,166.0,524.0,392.0,392.0,562.0,539.0,539.0,608.0,965.0,965.0
229.0,27.0,27.0,229.0,27.0,27.0,229.0,27.0,27.0,229.0,27.0,27.0,340.0,75.0,75.0,417.0,169.0,169.0,417.0,169.0,169.0,505.0,358.0,358.0,550.0,534.0,534.0,598.0,947.0,947.0
219.0,29.0,29.0,219.0,29.0,29.0,219.0,29.0,29.0,219.0,29.0,29.0,336.0,83.0,83.0,408.0,166.0,166.0,408.0,166.0,166.0,503.0,358.0,358.0,541.0,510.0,510.0,594.0,946.0,946.0
221.0,29.0,29.0,221.0,29.0,29.0,221.0,29.0,29.0,221.0,29.0,29.0,323.0,77.0,77.0,396.0,157.0,157.0,396.0,157.0,157.0,492.0,358.0,358.0,534.0,530.0,530.0,582.0,935.0,935.0
210.0,29.0,29.0,210.0,29.0,29.0,210.0,29.0,29.0,210.0,29.0,29.0,311.0,75.0,75.0,386.0,159.0,159.0,386.0,159.0,159.0,475.0,349.0,349.0,522.0,530.0,530.0,567.0,913.0,913.0
217.0,30.0,30.0,217.0,30.0,30.0,217.0,30.0,30.0,217.0,30.0,30.0,306.0,72.0,72.0,387.0,161.0,161.0,387.0,161.0,161.0,489.0,373.0,373.0,524.0,511.0,511.0,571.0,906.0,906.0
219.0,26.0,26.0,219.0,26.0,26.0,219.0,26.0,26.0,219.0,26.0,26.0,318.0,72.0,72.0,398.0,164.0,164.0,398.0,164.0,164.0,486.0,339.0,339.0,522.0,469.0,469.0,571.0,899.0,899.0
229.0,27.0,27.0,229.0,27.0,27.0,229.0,27.0,27.0,229.0,27.0,27.0,328.0,81.0,81.0,400.0,157.0,157.0,400.0,157.0,157.0,482.0,311.0,311.0,526.0,482.0,482.0,574.0,896.0,896.0
223.0,25.0,25.0,223.0,25.0,25.0,223.0,25.0,25.0,223.0,25.0,25.0,331.0,93.0,93.0,405.0,172.0,172.0,405.0,172.0,172.0,487.0,338.0,338.0,523.0,463.0,463.0,576.0,901.0,901.0
214.0,23.0,23.0,214.0,23.0,23.0,214.0,23.0,23.0,214.0,23.0,23.0,313.0,76.0,76.0,392.0,170.0,170.0,392.0,170.0,170.0,475.0,338.0,338.0,515.0,487.0,487.0,561.0,881.0,881.0
219.0,29.0,29.0,219.0,29.0,29.0,219.0,29.0,29.0,219.0,29.0,29.0,334.0,81.0,81.0,409.0,172.0,172.0,409.0,172.0,172.0,496.0,339.0,339.0,537.0,502.0,502.0,584.0,915.0,915.0
222.0,27.0,27.0,222.0,27.0,27.0,222.0,27.0,27.0,222.0,27.0,27.0,345.0,79.0,79.0,411.0,167.0,167.0,411.0,167.0,167.0,512.0,358.0,358.0,553.0,519.0,519.0,602.0,956.0,956.0
224.0,22.0,22.0,224.0,22.0,22.0,224.0,22.0,22.0,224.0,22.0,22.0,342.0,76.0,76.0,415.0,168.0,168.0,415.0,168.0,168.0,504.0,346.0,346.0,543.0,497.0,497.0,594.0,940.0,940.0
216.0,25.0,25.0,216.0,25.0,25.0,216.0,25.0,25.0,216.0,25.0,25.0,332.0,73.0,73.0,404.0,154.0,154.0,404.0,154.0,154.0,501.0,353.0,353.0,549.0,553.0,553.0,594.0,964.0,964.0
217.0,25.0,25.0,217.0,25.0,25.0,217.0,25.0,25.0,217.0,25.0,25.0,324.0,72.0,72.0,398.0,147.0,147.0,398.0,147.0,147.0,497.0,354.0,354.0,540.0,527.0,527.0,589.0,966.0,966.0
240.0,29.0,29.0,240.0,29.0,29.0,240.0,29.0,29.0,240.0,29.0,29.0,346.0,80.0,80.0,421.0,157.0,157.0,421.0,157.0,157.0,526.0,385.0,385.0,566.0,543.0,543.0,610.0,968.0,968.0
252.0,26.0,26.0,252.0,26.0,26.0,252.0,26.0,26.0,252.0,26.0,26.0,365.0,96.0,96.0,437.0,171.0,171.0,437.0,171.0,171.0,536.0,383.0,383.0,585.0,571.0,571.0,627.0,991.0,991.0
247.0,31.0,31.0,247.0,31.0,31.0,247.0,31.0,31.0,247.0,31.0,31.0,357.0,91.0,91.0,425.0,173.0,173.0,425.0,173.0,173.0,528.0,383.0,383.0,570.0,541.0,541.0,615.0,965.0,965.0
261.0,37.0,37.0,261.0,37.0,37.0,261.0,37.0,37.0,261.0,37.0,37.0,370.0,102.0,102.0,425.0,168.0,168.0,425.0,168.0,168.0,528.0,384.0,384.0,566.0,527.0,527.0,606.0,915.0,915.0
257.0,44.0,44.0,257.0,44.0,44.0,257.0,44.0,44.0,257.0,44.0,44.0,358.0,101.0,101.0,414.0,167.0,167.0,414.0,167.0,167.0,515.0,380.0,380.0,547.0,491.0,491.0,593.0,908.0,908.0
256.0,45.0,45.0,256.0,45.0,45.0,256.0,45.0,45.0,256.0,45.0,45.0,356.0,89.0,89.0,406.0,152.0,152.0,406.0,152.0,152.0,504.0,364.0,364.0,547.0,519.0,519.0,586.0,877.0,877.0
252.0,44.0,44.0,252.0,44.0,44.0,252.0,44.0,44.0,252.0,44.0,44.0,343.0,87.0,87.0,410.0,164.0,164.0,410.0,164.0,164.0,500.0,364.0,364.0,546.0,538.0,538.0,584.0,871.0,871.0
258.0,43.0,43.0,258.0,43.0,43.0,258.0,43.0,43.0,258.0,43.0,43.0,345.0,84.0,84.0,408.0,149.0,149.0,408.0,149.0,149.0,499.0,346.0,346.0,535.0,485.0,485.0,584.0,879.0,879.0
244.0,38.0,38.0,244.0,38.0,38.0,244.0,38.0,38.0,244.0,38.0,38.0,335.0,81.0,81.0,404.0,154.0,154.0,404.0,154.0,154.0,493.0,352.0,352.0,523.0,464.0,464.0,575.0,872.0,872.0
242.0,38.0,38.0,242.0,38.0,38.0,242.0,38.0,38.0,242.0,38.0,38.0,329.0,76.0,76.0,402.0,159.0,159.0,402.0,159.0,159.0,501.0,379.0,379.0,535.0,511.0,511.0,579.0,879.0,879.0
250.0,39.0,39.0,250.0,39.0,39.0,250.0,39.0,39.0,250.0,39.0,39.0,337.0,74.0,74.0,419.0,172.0,172.0,419.0,172.0,172.0,508.0,373.0,373.0,552.0,540.0,540.0,594.0,898.0,898.0
242.0,35.0,35.0,242.0,35.0,35.0,242.0,35.0,35.0,242.0,35.0,35.0,331.0,73.0,73.0,414.0,166.0,166.0,414.0,166.0,166.0,504.0,363.0,363.0,548.0,534.0,534.0,591.0,914.0,914.0
243.0,34.0,34.0,243.0,34.0,34.0,243.0,34.0,34.0,243.0,34.0,34.0,334.0,74.0,74.0,419.0,174.0,174.0,419.0,174.0,174.0,507.0,360.0,360.0,559.0,565.0,565.0,594.0,905.0,905.0
240.0,36.0,36.0,240.0,36.0,36.0,240.0,36.0,36.0,240.0,36.0,36.0,337.0,88.0,88.0,403.0,162.0,162.0,403.0,162.0,162.0,501.0,373.0,373.0,547.0,549.0,549.0,582.0,876.0,876.0
256.0,34.0,34.0,256.0,34.0,34.0,256.0,34.0,34.0,256.0,34.0,34.0,356.0,83.0,83.0,432.0,180.0,180.0,432.0,180.0,180.0,518.0,383.0,383.0,561.0,548.0,548.0,597.0,855.0,855.0
254.0,36.0,36.0,254.0,36.0,36.0,254.0,36.0,36.0,254.0,36.0,36.0,343.0,81.0,81.0,415.0,165.0,165.0,415.0,165.0,165.0,496.0,352.0,352.0,537.0,513.0,513.0,574.0,816.0,816.0
239.0,31.0,31.0,239.0,31.0,31.0,239.0,31.0,31.0,239.0,31.0,31.0,335.0,78.0,78.0,403.0,155.0,155.0,403.0,155.0,155.0,485.0,339.0,339.0,518.0,467.0,467.0,558.0,810.0,810.0
251.0,40.0,40.0,251.0,40.0,40.0,251.0,40.0,40.0,251.0,40.0,40.0,341.0,82.0,82.0,410.0,157.0,157.0,410.0,157.0,157.0,494.0,342.0,342.0,527.0,472.0,472.0,569.0,847.0,847.0
242.0,42.0,42.0,242.0,42.0,42.0,242.0,42.0,42.0,242.0,42.0,42.0,331.0,82.0,82.0,398.0,152.0,152.0,398.0,152.0,152.0,478.0,329.0,329.0,517.0,480.0,480.0,557.0,833.0,833.0
229.0,36.0,36.0,229.0,36.0,36.0,229.0,36.0,36.0,229.0,36.0,36.0,324.0,87.0,87.0,394.0,159.0,159.0,394.0,159.0,159.0,476.0,341.0,341.0,511.0,471.0,471.0,554.0,845.0,845.0
223.0,36.0,36.0,223.0,36.0,36.0,223.0,36.0,36.0,223.0,36.0,36.0,314.0,78.0,78.0,383.0,144.0,144.0,383.0,144.0,144.0,471.0,343.0,343.0,499.0,449.0,449.0,546.0,855.0,855.0
223.0,32.0,32.0,223.0,32.0,32.0,223.0,32.0,32.0,223.0,32.0,32.0,319.0,79.0,79.0,378.0,141.0,141.0,378.0,141.0,141.0,460.0,311.0,311.0,496.0,447.0,447.0,544.0,866.0,866.0
219.0,32.0,32.0,219.0,32.0,32.0,219.0,32.0,32.0,219.0,32.0,32.0,322.0,80.0,80.0,389.0,159.0,159.0,389.0,159.0,159.0,467.0,314.0,314.0,509.0,470.0,470.0,558.0,903.0,903.0
226.0,32.0,32.0,226.0,32.0,32.0,226.0,32.0,32.0,226.0,32.0,32.0,334.0,82.0,82.0,396.0,155.0,155.0,396.0,155.0,155.0,475.0,319.0,319.0,515.0,465.0,465.0,566.0,901.0,901.0
225.0,33.0,33.0,225.0,33.0,33.0,225.0,33.0,33.0,225.0,33.0,33.0,326.0,79.0,79.0,383.0,145.0,145.0,383.0,145.0,145.0,461.0,320.0,320.0,499.0,450.0,450.0,548.0,861.0,861.0
230.0,31.0,31.0,230.0,31.0,31.0,230.0,31.0,31.0,230.0,31.0,31.0,325.0,76.0,76.0,395.0,155.0,155.0,395.0,155.0,155.0,480.0,339.0,339.0,519.0,488.0,488.0,567.0,896.0,896.0
225.0,30.0,30.0,225.0,30.0,30.0,225.0,30.0,30.0,225.0,30.0,30.0,320.0,76.0,76.0,399.0,162.0,162.0,399.0,162.0,162.0,488.0,350.0,350.0,521.0,468.0,468.0,571.0,913.0,913.0
225.0,22.0,22.0,225.0,22.0,22.0,225.0,22.0,22.0,225.0,22.0,22.0,333.0,79.0,79.0,406.0,162.0,162.0,406.0,162.0,162.0,494.0,345.0,345.0,528.0,469.0,469.0,576.0,915.0,915.0
224.0,25.0,25.0,224.0,25.0,25.0,224.0,25.0,25.0,224.0,25.0,25.0,316.0,70.0,70.0,385.0,140.0,140.0,385.0,140.0,140.0,471.0,319.0,319.0,514.0,481.0,481.0,555.0,878.0,878.0
228.0,26.0,26.0,228.0,26.0,26.0,228.0,26.0,26.0,228.0,26.0,26.0,321.0,79.0,79.0,394.0,151.0,151.0,394.0,151.0,151.0,474.0,319.0,319.0,520.0,496.0,496.0,557.0,873.0,873.0
235.0,29.0,29.0,235.0,29.0,29.0,235.0,29.0,29.0,235.0,29.0,29.0,334.0,85.0,85.0,407.0,162.0,162.0,407.0,162.0,162.0,493.0,339.0,339.0,539.0,499.0,499.0,581.0,918.0,918.0
248.0,29.0,29.0,248.0,29.0,29.0,248.0,29.0,29.0,248.0,29.0,29.0,357.0,97.0,97.0,422.0,167.0,167.0,422.0,167.0,167.0,508.0,347.0,347.0,552.0,505.0,505.0,596.0,919.0,919.0
232.0,29.0,29.0,232.0,29.0,29.0,232.0,29.0,29.0,232.0,29.0,29.0,334.0,90.0,90.0,405.0,163.0,163.0,405.0,163.0,163.0,489.0,342.0,342.0,535.0,510.0,510.0,575.0,894.0,894.0
226.0,30.0,30.0,226.0,30.0,30.0,226.0,30.0,30.0,226.0,30.0,30.0,327.0,88.0,88.0,388.0,150.0,150.0,388.0,150.0,150.0,478.0,339.0,339.0,518.0,492.0,492.0,560.0,865.0,865.0
212.0,22.0,22.0,212.0,22.0,22.0,212.0,22.0,22.0,212.0,22.0,22.0,320.0,90.0,90.0,374.0,149.0,149.0,374.0,149.0,149.0,457.0,325.0,325.0,493.0,449.0,449.0,539.0,835.0,835.0
224.0,25.0,25.0,224.0,25.0,25.0,224.0,25.0,25.0,224.0,25.0,25.0,343.0,96.0,96.0,398.0,160.0,160.0,398.0,160.0,160.0,486.0,363.0,363.0,527.0,516.0,516.0,567.0,854.0,854.0
230.0,24.0,24.0,230.0,24.0,24.0,230.0,24.0,24.0,230.0,24.0,24.0,343.0,91.0,91.0,407.0,175.0,175.0,407.0,175.0,175.0,493.0,374.0,374.0,535.0,529.0,529.0,568.0,838.0,838.0
235.0,27.0,27.0,235.0,27.0,27.0,235.0,27.0,27.0,235.0,27.0,27.0,338.0,84.0,84.0,403.0,171.0,171.0,403.0,171.0,171.0,488.0,357.0,357.0,527.0,514.0,514.0,557.0,805.0,805.0
234.0,23.0,23.0,234.0,23.0,23.0,234.0,23.0,23.0,234.0,23.0,23.0,331.0,82.0,82.0,409.0,179.0,179.0,409.0,179.0,179.0,487.0,355.0,355.0,528.0,513.0,513.0,559.0,816.0,816.0
227.0,26.0,26.0,227.0,26.0,26.0,227.0,26.0,26.0,227.0,26.0,26.0,327.0,81.0,81.0,395.0,168.0,168.0,395.0,168.0,168.0,486.0,370.0,370.0,526.0,528.0,528.0,554.0,812.0,812.0
234.0,31.0,31.0,234.0,31.0,31.0,234.0,31.0,31.0,234.0,31.0,31.0,319.0,72.0,72.0,396.0,167.0,167.0,396.0,167.0,167.0,483.0,358.0,358.0,526.0,523.0,523.0,555.0,814.0,814.0
239.0,32.0,32.0,239.0,32.0,32.0,239.0,32.0,32.0,239.0,32.0,32.0,313.0,65.0,65.0,376.0,142.0,142.0,376.0,142.0,142.0,467.0,338.0,338.0,510.0,493.0,493.0,543.0,830.0,830.0
224.0,24.0,24.0,224.0,24.0,24.0,224.0,24.0,24.0,224.0,24.0,24.0,300.0,61.0,61.0,367.0,146.0,146.0,367.0,146.0,146.0,441.0,303.0,303.0,485.0,453.0,453.0,519.0,806.0,806.0
226.0,27.0,27.0,226.0,27.0,27.0,226.0,27.0,27.0,226.0,27.0,27.0,300.0,64.0,64.0,351.0,127.0,127.0,351.0,127.0,127.0,424.0,280.0,280.0,463.0,416.0,416.0,495.0,759.0,759.0
224.0,36.0,36.0,224.0,36.0,36.0,224.0,36.0,36.0,224.0,36.0,36.0,297.0,71.0,71.0,343.0,130.0,130.0,343.0,130.0,130.0,403.0,248.0,248.0,442.0,386.0,386.0,479.0,732.0,732.0
218.0,34.0,34.0,218.0,34.0,34.0,218.0,34.0,34.0,218.0,34.0,34.0,289.0,67.0,67.0,344.0,138.0,138.0,344.0,138.0,138.0,397.0,249.0,249.0,436.0,381.0,381.0,474.0,722.0,722.0
230.0,43.0,43.0,230.0,43.0,43.0,230.0,43.0,43.0,230.0,43.0,43.0,307.0,76.0,76.0,350.0,128.0,128.0,350.0,128.0,128.0,406.0,237.0,237.0,439.0,353.0,353.0,481.0,727.0,727.0
219.0,43.0,43.0,219.0,43.0,43.0,219.0,43.0,43.0,219.0,43.0,43.0,305.0,84.0,84.0,346.0,132.0,132.0,346.0,132.0,132.0,388.0,213.0,213.0,418.0,319.0,319.0,461.0,692.0,692.0
221.0,43.0,43.0,221.0,43.0,43.0,221.0,43.0,43.0,221.0,43.0,43.0,299.0,88.0,88.0,349.0,149.0,149.0,349.0,149.0,149.0,397.0,245.0,245.0,418.0,325.0,325.0,461.0,673.0,673.0
222.0,39.0,39.0,222.0,39.0,39.0,222.0,39.0,39.0,222.0,39.0,39.0,302.0,84.0,84.0,347.0,138.0,138.0,347.0,138.0,138.0,404.0,254.0,254.0,431.0,356.0,356.0,470.0,691.0,691.0
211.0,35.0,35.0,211.0,35.0,35.0,211.0,35.0,35.0,211.0,35.0,35.0,285.0,73.0,73.0,335.0,133.0,133.0,335.0,133.0,133.0,400.0,262.0,262.0,427.0,368.0,368.0,467.0,703.0,703.0
209.0,27.0,27.0,209.0,27.0,27.0,209.0,27.0,27.0,209.0,27.0,27.0,277.0,65.0,65.0,337.0,138.0,138.0,337.0,138.0,138.0,405.0,277.0,277.0,437.0,399.0,399.0,474.0,717.0,717.0
206.0,27.0,27.0,206.0,27.0,27.0,206.0,27.0,27.0,206.0,27.0,27.0,276.0,71.0,71.0,328.0,132.0,132.0,328.0,132.0,132.0,400.0,277.0,277.0,434.0,409.0,409.0,467.0,708.0,708.0
217.0,22.0,22.0,217.0,22.0,22.0,217.0,22.0,22.0,217.0,22.0,22.0,287.0,68.0,68.0,334.0,130.0,130.0,334.0,130.0,130.0,405.0,267.0,267.0,446.0,422.0,422.0,479.0,724.0,724.0
210.0,25.0,25.0,210.0,25.0,25.0,210.0,25.0,25.0,210.0,25.0,25.0,283.0,70.0,70.0,329.0,126.0,126.0,329.0,126.0,126.0,408.0,287.0,287.0,452.0,447.0,447.0,485.0,749.0,749.0
237.0,31.0,31.0,237.0,31.0,31.0,237.0,31.0,31.0,237.0,31.0,31.0,318.0,77.0,77.0,364.0,137.0,137.0,364.0,137.0,137.0,441.0,295.0,295.0,485.0,457.0,457.0,522.0,783.0,783.0
219.0,28.0,28.0,219.0,28.0,28.0,219.0,28.0,28.0,219.0,28.0,28.0,299.0,70.0,70.0,353.0,140.0,140.0,353.0,140.0,140.0,435.0,307.0,307.0,467.0,419.0,419.0,507.0,776.0,776.0
238.0,34.0,34.0,238.0,34.0,34.0,238.0,34.0,34.0,238.0,34.0,34.0,321.0,74.0,74.0,385.0,154.0,154.0,385.0,154.0,154.0,465.0,316.0,316.0,507.0,460.0,460.0,549.0,846.0,846.0
220.0,25.0,25.0,220.0,25.0,25.0,220.0,25.0,25.0,220.0,25.0,25.0,301.0,63.0,63.0,365.0,146.0,146.0,365.0,146.0,146.0,444.0,299.0,299.0,491.0,465.0,465.0,531.0,846.0,846.0
223.0,24.0,24.0,223.0,24.0,24.0,223.0,24.0,24.0,223.0,24.0,24.0,301.0,63.0,63.0,361.0,139.0,139.0,361.0,139.0,139.0,451.0,313.0,313.0,497.0,477.0,477.0,535.0,853.0,853.0
225.0,31.0,31.0,225.0,31.0,31.0,225.0,31.0,31.0,225.0,31.0,31.0,310.0,70.0,70.0,374.0,144.0,144.0,374.0,144.0,144.0,447.0,295.0,295.0,485.0,436.0,436.0,529.0,821.0,821.0
215.0,21.0,21.0,215.0,21.0,21.0,215.0,21.0,21.0,215.0,21.0,21.0,306.0,63.0,63.0,371.0,144.0,144.0,371.0,144.0,144.0,445.0,301.0,301.0,482.0,439.0,439.0,524.0,810.0,810.0
212.0,25.0,25.0,212.0,25.0,25.0,212.0,25.0,25.0,212.0,25.0,25.0,302.0,68.0,68.0,369.0,143.0,143.0,369.0,143.0,143.0,440.0,295.0,295.0,478.0,440.0,440.0,517.0,797.0,797.0
213.0,26.0,26.0,213.0,26.0,26.0,213.0,26.0,26.0,213.0,26.0,26.0,310.0,65.0,65.0,369.0,143.0,143.0,369.0,143.0,143.0,441.0,287.0,287.0,484.0,443.0,443.0,527.0,832.0,832.0
216.0,27.0,27.0,216.0,27.0,27.0,216.0,27.0,27.0,216.0,27.0,27.0,303.0,70.0,70.0,357.0,135.0,135.0,357.0,135.0,135.0,433.0,293.0,293.0,471.0,429.0,429.0,511.0,791.0,791.0
227.0,26.0,26.0,227.0,26.0,26.0,227.0,26.0,26.0,227.0,26.0,26.0,317.0,74.0,74.0,376.0,143.0,143.0,376.0,143.0,143.0,451.0,303.0,303.0,484.0,423.0,423.0,526.0,793.0,793.0
217.0,23.0,23.0,217.0,23.0,23.0,217.0,23.0,23.0,217.0,23.0,23.0,299.0,59.0,59.0,357.0,129.0,129.0,357.0,129.0,129.0,439.0,301.0,301.0,475.0,440.0,440.0,512.0,778.0,778.0
211.0,18.0,18.0,211.0,18.0,18.0,211.0,18.0,18.0,211.0,18.0,18.0,294.0,53.0,53.0,356.0,128.0,128.0,356.0,128.0,128.0,440.0,294.0,294.0,479.0,445.0,445.0,517.0,805.0,805.0
230.0,25.0,25.0,230.0,25.0,25.0,230.0,25.0,25.0,230.0,25.0,25.0,311.0,60.0,60.0,362.0,122.0,122.0,362.0,122.0,122.0,448.0,287.0,287.0,492.0,470.0,470.0,525.0,790.0,790.0
221.0,18.0,18.0,221.0,18.0,18.0,221.0,18.0,18.0,221.0,18.0,18.0,300.0,57.0,57.0,361.0,136.0,136.0,361.0,136.0,136.0,446.0,312.0,312.0,484.0,472.0,472.0,518.0,781.0,781.0
228.0,21.0,21.0,228.0,21.0,21.0,228.0,21.0,21.0,228.0,21.0,21.0,311.0,71.0,71.0,366.0,141.0,141.0,366.0,141.0,141.0,445.0,312.0,312.0,477.0,444.0,444.0,512.0,739.0,739.0
231.0,23.0,23.0,231.0,23.0,23.0,231.0,23.0,23.0,231.0,23.0,23.0,329.0,72.0,72.0,382.0,152.0,152.0,382.0,152.0,152.0,456.0,316.0,316.0,492.0,473.0,473.0,521.0,733.0,733.0
237.0,33.0,33.0,237.0,33.0,33.0,237.0,33.0,33.0,237.0,33.0,33.0,324.0,78.0,78.0,367.0,134.0,134.0,367.0,134.0,134.0,438.0,275.0,275.0,484.0,468.0,468.0,516.0,742.0,742.0
235.0,29.0,29.0,235.0,29.0,29.0,235.0,29.0,29.0,235.0,29.0,29.0,316.0,66.0,66.0,365.0,134.0,134.0,365.0,134.0,134.0,439.0,276.0,276.0,483.0,459.0,459.0,515.0,751.0,751.0
216.0,24.0,24.0,216.0,24.0,24.0,216.0,24.0,24.0,216.0,24.0,24.0,314.0,75.0,75.0,366.0,154.0,154.0,366.0,154.0,154.0,451.0,333.0,333.0,485.0,477.0,477.0,519.0,758.0,758.0
205.0,28.0,28.0,205.0,28.0,28.0,205.0,28.0,28.0,205.0,28.0,28.0,308.0,80.0,80.0,365.0,151.0,151.0,365.0,151.0,151.0,450.0,348.0,348.0,485.0,485.0,485.0,518.0,759.0,759.0
219.0,23.0,23.0,219.0,23.0,23.0,219.0,23.0,23.0,219.0,23.0,23.0,306.0,64.0,64.0,367.0,137.0,137.0,367.0,137.0,137.0,455.0,356.0,356.0,488.0,477.0,477.0,522.0,769.0,769.0
243.0,28.0,28.0,243.0,28.0,28.0,243.0,28.0,28.0,243.0,28.0,28.0,322.0,64.0,64.0,391.0,153.0,153.0,391.0,153.0,153.0,470.0,344.0,344.0,509.0,485.0,485.0,543.0,785.0,785.0
242.0,31.0,31.0,242.0,31.0,31.0,242.0,31.0,31.0,242.0,31.0,31.0,328.0,70.0,70.0,395.0,152.0,152.0,395.0,152.0,152.0,477.0,350.0,350.0,517.0,495.0,495.0,554.0,824.0,824.0
242.0,31.0,31.0,242.0,31.0,31.0,242.0,31.0,31.0,242.0,31.0,31.0,325.0,70.0,70.0,391.0,145.0,145.0,391.0,145.0,145.0,470.0,325.0,325.0,505.0,456.0,456.0,551.0,829.0,829.0
235.0,30.0,30.0,235.0,30.0,30.0,235.0,30.0,30.0,235.0,30.0,30.0,316.0,72.0,72.0,396.0,160.0,160.0,396.0,160.0,160.0,477.0,343.0,343.0,517.0,493.0,493.0,559.0,847.0,847.0
235.0,25.0,25.0,235.0,25.0,25.0,235.0,25.0,25.0,235.0,25.0,25.0,315.0,74.0,74.0,398.0,157.0,157.0,398.0,157.0,157.0,472.0,323.0,323.0,518.0,503.0,503.0,557.0,848.0,848.0
235.0,26.0,26.0,235.0,26.0,26.0,235.0,26.0,26.0,235.0,26.0,26.0,313.0,75.0,75.0,387.0,152.0,152.0,387.0,152.0,152.0,469.0,317.0,317.0,512.0,490.0,490.0,552.0,841.0,841.0
211.0,18.0,18.0,211.0,18.0,18.0,211.0,18.0,18.0,211.0,18.0,18.0,308.0,65.0,65.0,382.0,149.0,149.0,382.0,149.0,149.0,462.0,306.0,306.0,511.0,495.0,495.0,553.0,879.0,879.0
217.0,19.0,19.0,217.0,19.0,19.0,217.0,19.0,19.0,217.0,19.0,19.0,317.0,64.0,64.0,393.0,151.0,151.0,393.0,151.0,151.0,480.0,332.0,332.0,523.0,477.0,477.0,574.0,925.0,925.0
212.0,22.0,22.0,212.0,22.0,22.0,212.0,22.0,22.0,212.0,22.0,22.0,308.0,63.0,63.0,385.0,143.0,143.0,385.0,143.0,143.0,470.0,314.0,314.0,521.0,503.0,503.0,567.0,918.0,918.0
206.0,22.0,22.0,206.0,22.0,22.0,206.0,22.0,22.0,206.0,22.0,22.0,308.0,65.0,65.0,378.0,131.0,131.0,378.0,131.0,131.0,482.0,346.0,346.0,530.0,535.0,535.0,578.0,951.0,951.0
209.0,22.0,22.0,209.0,22.0,22.0,209.0,22.0,22.0,209.0,22.0,22.0,311.0,71.0,71.0,381.0,137.0,137.0,381.0,137.0,137.0,484.0,340.0,340.0,531.0,523.0,523.0,584.0,962.0,962.0
212.0,23.0,23.0,212.0,23.0,23.0,212.0,23.0,23.0,212.0,23.0,23.0,312.0,68.0,68.0,383.0,140.0,140.0,383.0,140.0,140.0,479.0,327.0,327.0,533.0,526.0,526.0,587.0,975.0,975.0
234.0,26.0,26.0,234.0,26.0,26.0,234.0,26.0,26.0,234.0,26.0,26.0,336.0,66.0,66.0,410.0,137.0,137.0,410.0,137.0,137.0,514.0,353.0,353.0,567.0,562.0,562.0,616.0,1008.0,1008.0
232.0,25.0,25.0,232.0,25.0,25.0,232.0,25.0,25.0,232.0,25.0,25.0,337.0,61.0,61.0,412.0,146.0,146.0,412.0,146.0,146.0,518.0,373.0,373.0,567.0,568.0,568.0,615.0,997.0,997.0
238.0,29.0,29.0,238.0,29.0,29.0,238.0,29.0,29.0,238.0,29.0,29.0,345.0,74.0,74.0,412.0,148.0,148.0,412.0,148.0,148.0,504.0,353.0,353.0,554.0,544.0,544.0,601.0,965.0,965.0
237.0,33.0,33.0,237.0,33.0,33.0,237.0,33.0,33.0,237.0,33.0,33.0,349.0,80.0,80.0,413.0,158.0,158.0,413.0,158.0,158.0,498.0,338.0,338.0,545.0,510.0,510.0,593.0,944.0,944.0
246.0,37.0,37.0,246.0,37.0,37.0,246.0,37.0,37.0,246.0,37.0,37.0,358.0,80.0,80.0,426.0,160.0,160.0,426.0,160.0,160.0,511.0,343.0,343.0,553.0,504.0,504.0,599.0,936.0,936.0
262.0,30.0,30.0,262.0,30.0,30.0,262.0,30.0,30.0,262.0,30.0,30.0,370.0,77.0,77.0,434.0,147.0,147.0,434.0,147.0,147.0,517.0,339.0,339.0,558.0,487.0,487.0,605.0,929.0,929.0
272.0,37.0,37.0,272.0,37.0,37.0,272.0,37.0,37.0,272.0,37.0,37.0,379.0,81.0,81.0,454.0,170.0,170.0,454.0,170.0,170.0,533.0,360.0,360.0,568.0,478.0,478.0,615.0,922.0,922.0
274.0,42.0,42.0,274.0,42.0,42.0,274.0,42.0,42.0,274.0,42.0,42.0,385.0,92.0,92.0,450.0,170.0,170.0,450.0,170.0,170.0,532.0,358.0,358.0,566.0,476.0,476.0,609.0,898.0,898.0
281.0,40.0,40.0,281.0,40.0,40.0,281.0,40.0,40.0,281.0,40.0,40.0,392.0,97.0,97.0,467.0,194.0,194.0,467.0,194.0,194.0,536.0,341.0,341.0,574.0,483.0,483.0,618.0,904.0,904.0
280.0,36.0,36.0,280.0,36.0,36.0,280.0,36.0,36.0,280.0,36.0,36.0,389.0,87.0,87.0,455.0,166.0,166.0,455.0,166.0,166.0,534.0,337.0,337.0,570.0,475.0,475.0,617.0,923.0,923.0
274.0,38.0,38.0,274.0,38.0,38.0,274.0,38.0,38.0,274.0,38.0,38.0,391.0,104.0,104.0,462.0,181.0,181.0,462.0,181.0,181.0,542.0,355.0,355.0,575.0,471.0,471.0,621.0,923.0,923.0
267.0,38.0,38.0,267.0,38.0,38.0,267.0,38.0,38.0,267.0,38.0,38.0,370.0,96.0,96.0,450.0,181.0,181.0,450.0,181.0,181.0,530.0,347.0,347.0,567.0,487.0,487.0,613.0,926.0,926.0
255.0,35.0,35.0,255.0,35.0,35.0,255.0,35.0,35.0,255.0,35.0,35.0,349.0,82.0,82.0,427.0,168.0,168.0,427.0,168.0,168.0,517.0,368.0,368.0,550.0,492.0,492.0,595.0,913.0,913.0
251.0,31.0,31.0,251.0,31.0,31.0,251.0,31.0,31.0,251.0,31.0,31.0,346.0,76.0,76.0,425.0,166.0,166.0,425.0,166.0,166.0,521.0,373.0,373.0,561.0,529.0,529.0,603.0,931.0,931.0
258.0,38.0,38.0,258.0,38.0,38.0,258.0,38.0,38.0,258.0,38.0,38.0,369.0,90.0,90.0,449.0,184.0,184.0,449.0,184.0,184.0,550.0,407.0,407.0,583.0,538.0,538.0,627.0,943.0,943.0
