Subgraph 1,Subgraph 2,Subgraph 3,Subgraph 4
90779,440821,4157496,29788,23596,1862828,20139453,212001339,279273,213825,110572,2014400,366335,1455560,33063,23932,16038,305979,204168,217960,60440
89104,425624,4146056,24384,18292,1782432,19800814,212025549,212805,164930,92240,1669455,367246,1459564,23706,17169,10287,302919,204234,176220,37365
89750,429213,4131656,25060,18336,1870372,19774832,211700501,261123,192609,74108,1682160,364892,1449788,24210,17535,12093,304648,204084,175547,37078
88036,411732,4100840,23672,19040,1763152,18782663,211041826,196485,154734,94976,1307725,368799,1464996,29355,20595,11514,304781,204165,181805,41445
77277,344712,3714700,22740,13996,1464844,16543818,199697904,230310,173906,81464,1393535,34137,126268,27273,19307,8784,7401,3350,136582,22723
29521,114714,192004,7772,14660,470568,1252936,1988808,35133,32271,35396,53165,8860,31540,11478,7922,4407,4186,1662,152975,24715
28524,120638,194916,7612,9692,503900,1455207,2250682,35427,32231,34452,55595,8984,31616,10389,7141,3678,3628,1509,105103,14082
27571,119726,180500,8536,5452,510752,1388862,2064854,40674,35395,33116,60035,9533,33312,10902,7523,2226,2678,1781,62136,8104
29195,132001,191508,10852,6580,574132,1533142,2233693,45378,40042,39160,68430,11499,39836,12345,8455,5199,4804,2077,67183,14977
27371,121810,169920,12692,4428,511848,1356307,1938849,56649,46407,34564,81345,7551,25604,11484,8011,7470,5172,1253,39195,16370
25888,120216,164188,7720,1920,508708,1388974,1999058,48390,39048,27152,68720,7487,25388,6252,4493,3591,2604,1140,7205,4340
25700,117562,152540,7688,2280,498812,1289501,1759326,32082,27301,23652,67220,5341,17004,6165,4315,6231,4250,619,10424,5441
23776,112908,135304,5960,1880,485832,1271057,1632740,31941,26751,21828,52055,5030,15520,3447,2563,5265,3567,608,7686,2999
26950,147443,161744,9328,2076,713728,1737366,2071905,62298,51308,39104,81795,10286,32864,7020,5335,7206,4999,1980,7952,3463
31355,165373,221456,10876,2212,799104,2072841,2919649,82896,67224,47840,99780,11866,38684,7929,6091,9006,6325,2574,8041,3779
32784,155118,259396,9448,576,705144,1987490,3460347,72303,57908,38824,95150,8910,28460,4932,4018,4515,3322,1733,926,979
34660,168312,292636,10948,504,775508,2246470,4068533,89052,70761,45572,116305,9177,28708,5220,4280,4479,3139,1837,1518,1322
36581,176518,339996,12464,684,810308,2476019,5161526,107253,84857,53420,138600,9681,29584,7590,6195,5793,4027,2055,2551,2289
34936,159374,325044,10244,756,700248,2176373,4951306,76131,61250,41984,105790,8732,27008,4998,4177,4461,3154,1690,2088,2867
34629,151645,319816,10112,1100,655112,2057690,4819528,67644,54474,37512,106855,7767,24148,4494,3786,4590,3228,1537,2190,3475
35567,147972,402388,9036,1656,596976,2267590,7287823,60921,47742,28512,102345,7297,24088,5763,4232,4845,3653,1467,3538,5087
27962,126754,158948,7700,2132,546740,1413904,1788205,39057,32440,25608,65695,7268,23812,5220,3835,5112,3858,1380,5422,6378
26449,124529,146764,7332,2748,540424,1415428,1738943,40167,32807,24116,64960,7361,24544,4854,3606,4668,3661,1516,7003,7472
25259,109240,135144,6144,3332,449044,1197904,1538377,31992,26080,19008,48010,6049,21416,3165,2415,4179,3485,1476,9807,8898
23399,93387,117568,5388,4048,354640,964646,1286605,26838,21823,15724,39270,4005,13700,2568,2037,3972,3359,1114,13163,10467
23627,93225,118668,6436,4520,348712,946983,1258854,27630,22832,17648,41215,4101,14164,3816,2939,3867,2920,1098,16416,14509
24266,97584,119068,7204,5380,372888,981349,1221496,36468,29589,21108,48480,3878,13172,3930,3065,5988,4151,811,21774,16566
23610,88421,125664,6404,4584,317672,925111,1287447,31065,25238,18112,44795,3662,12848,4233,3172,5283,3600,517,19795,11080
22579,75869,118740,6436,3604,254168,740823,1143259,30255,24282,16448,45465,3146,11264,5487,3923,2652,1834,719,16231,7399
21117,67961,102696,5844,2712,221180,612371,915258,27294,21860,14656,41215,2497,8888,3978,2987,2298,1586,661,13305,4180
20590,63934,99432,4712,1624,211692,567435,852681,20499,16558,11568,31430,2591,8984,3348,2487,1782,1251,547,8287,1853
21513,73079,112296,4856,716,267416,685131,1039898,23757,19323,13940,37340,4067,13768,3579,2626,1476,1089,715,3469,691
20745,73071,102440,5332,200,273276,687071,946367,30672,24593,16580,47620,3974,12636,3801,2969,1641,1178,801,145,340
20822,82602,114020,4420,136,322244,887671,1251479,26472,21662,16056,41610,5239,17396,2580,2000,1155,935,860,90,180
20588,89117,110416,4420,156,358176,974822,1282451,25848,21459,16908,40270,7063,23652,2532,1983,1386,1194,1085,80,260
20787,89440,115440,3724,68,352948,1033083,1398923,20193,17261,15196,38535,7033,24272,1023,857,633,719,918,5,95
22297,98692,137992,4976,164,397048,1206684,1789207,33285,27275,20340,56815,6124,20536,3141,2344,1674,1239,862,180,265
22944,119568,149916,7604,264,516472,1572403,2148490,57237,45879,30884,102870,10158,34372,6471,4909,3075,2350,1480,295,490
24018,125303,167648,8384,264,526444,1765193,2499571,69297,54293,32380,114990,8001,27104,5889,4596,3099,2249,1212,568,417
24104,122041,182764,10692,428,488020,1787807,2834596,99159,75248,36568,168400,6648,22052,13074,9961,4881,3368,1206,1077,953
22857,103635,174544,7976,372,398152,1450229,2692384,54816,43169,26500,92045,5222,17888,8187,6288,3594,2483,948,1415,1015
23865,108407,194548,9660,456,396704,1533837,3123889,71196,55005,30164,124130,4586,16264,10302,8063,4581,3105,919,1464,1366
26095,115377,212980,10016,1256,427212,1616561,3460127,63084,49582,30104,104230,4582,15528,11877,8668,4569,5038,2203,3744,2871
26924,110720,203356,8828,1340,412348,1399708,2931917,54735,42974,25936,76710,5618,19712,10746,7724,5424,11251,6165,3967,2983
27352,112543,213016,6936,1192,434588,1513394,3258412,35763,29090,20992,67055,5670,19660,7248,5052,3921,10240,5729,2469,2201
25917,102310,187220,6796,924,392692,1262731,2626224,35850,29148,20992,68665,5485,19620,6141,4439,2814,9310,5651,1685,1685
25308,98457,179504,7380,1008,374520,1188571,2394829,34314,28517,22564,80970,5343,19092,7008,5332,3231,9564,5760,2129,1936
24624,97802,159692,6392,936,372140,1140165,2054125,34155,27884,20456,66870,5216,18204,4698,3747,2781,9237,5657,1823,1717
23229,93570,128112,5104,884,363420,984824,1482592,25965,21993,18732,47380,4831,16244,3120,2420,2448,6732,3950,1475,1470
22097,99877,128608,4140,208,396864,1168732,1717054,21741,18531,16148,40135,4806,15744,2529,1871,1425,1514,776,458,282
21199,98430,129820,5132,316,396320,1183596,1826594,26667,22396,18472,48875,6040,19960,4518,3342,2469,1775,756,613,402
20393,98071,117448,5412,296,396756,1166393,1613046,29997,24812,19256,47650,6201,20544,4098,3022,2514,1820,696,658,332
20827,92223,118524,4620,216,344172,1080510,1534904,23829,19837,15804,40335,4308,14592,3378,2582,1206,885,424,462,178
22757,102567,135924,3816,96,406524,1217589,1732268,21840,18091,14124,33725,6285,21520,780,645,735,676,559,219,111
23095,101828,144992,4040,92,401620,1252363,1841118,21924,18518,15608,39090,6651,22524,849,761,690,637,723,233,117
24668,107492,163768,6668,240,454428,1317017,2087300,42606,34475,24284,74660,7663,24252,4473,3562,2145,1646,1429,566,504
25932,113863,175584,10464,532,463788,1417881,2204702,79851,62972,38952,127660,10314,36196,10557,8133,7566,8749,4675,1649,2086
25780,111098,174404,8484,388,456112,1383708,2208658,61773,49517,33340,101375,9582,32848,6783,5212,5976,7845,4354,1155,1275
25906,108764,167320,9588,540,441092,1251948,2025639,69771,56163,38596,109240,9734,33336,8142,6648,7263,8796,4786,1675,1950
25447,110940,155924,9604,552,465548,1263800,1872845,70086,56991,41068,107485,10011,34424,8583,7012,7836,9178,4806,1889,2111
23444,106299,129676,10332,744,446212,1180402,1572606,69858,57623,44204,103645,7852,25828,11070,8890,9195,6610,2675,2404,3181
23346,105155,130320,10048,720,436524,1187105,1591905,67410,55200,41040,102265,7640,25300,10776,8454,9177,6568,2385,2499,3141
20845,83415,99072,5384,320,333012,805513,1065437,26433,23199,22308,43130,4629,14816,3321,2819,2892,2243,1000,808,897
19743,76027,86192,3232,92,286220,690925,884909,14208,12575,12412,24810,3173,9952,1158,982,570,569,531,106,104
19963,81380,91596,3176,64,303664,802171,1020165,18624,15220,11216,30040,2958,9312,1047,823,366,301,408,5,30
20733,81031,109120,3048,64,297044,842537,1245414,19725,15596,9784,30300,2815,8800,1059,756,408,305,322,10,25
20985,85964,112856,3556,104,314644,936239,1338972,22467,17986,12032,34060,2895,8700,1116,854,600,433,262,58,62
22189,90808,137224,4188,96,329048,1080599,1760243,29376,23040,13824,45800,2920,8840,1134,946,537,373,295,90,90
24530,100125,170600,4660,168,374432,1229910,2207203,30846,24657,16372,49615,3826,12224,1734,1381,1470,1007,538,200,310
24547,101613,161912,5576,208,388272,1188576,2046305,30534,24783,17708,56045,3828,11652,2544,1891,2124,1458,553,448,642
24829,104224,166476,6572,196,388600,1216832,2069030,44103,34405,20012,74725,3545,11040,3132,2393,2157,1489,639,540,1050
27126,124716,201444,8180,372,509376,1607597,2692578,59370,46191,26444,107985,6077,19028,5907,4438,3588,2482,1000,927,1533
25961,122167,172200,7816,464,490892,1477364,2193745,60066,46247,24812,101365,6047,19428,4911,3794,2721,1901,978,925,1760
26327,122282,185092,7328,972,505372,1556759,2447237,52161,41305,26124,99335,5773,18772,3144,2566,1770,1264,856,1706,3109
27299,126263,188112,7408,1416,518460,1598737,2483472,44400,36607,28028,87000,5931,19284,3024,2426,2739,1910,1031,3094,6551
31254,123353,276588,6620,1512,502688,1560982,3797520,36300,30176,23904,81935,6222,21288,3192,2373,2382,1714,804,3604,5321
31223,117575,275168,6980,1428,463936,1444651,3719769,38997,32745,26988,73310,6840,24360,3063,2392,2874,2153,1093,2858,6427
30265,124278,252352,7412,2408,488048,1525127,3493774,39513,34205,31452,65300,7259,25936,3087,2418,3663,2709,1108,5568,13867
28303,108715,226936,6472,2416,405292,1219414,3055238,33426,28779,25980,48235,5279,18856,2259,1786,4008,2801,801,5755,14140
28991,108954,222468,6548,3452,424468,1150537,2881741,27090,25174,28456,43360,5215,18300,2169,1741,4338,3003,674,9362,17318
29128,112085,217916,7432,4572,448504,1186433,2836138,29025,26976,30504,46540,8221,29524,2955,2325,5406,3991,923,14672,22998
27659,96820,208740,5476,4972,370872,1015444,2685322,20178,17901,17796,32765,6035,21240,3417,2473,2769,2104,582,16952,18418
24136,102814,132192,6296,5364,394484,1143620,1577261,33732,27384,19584,49640,6069,21376,4182,3073,4023,2943,739,19418,18892
23757,106905,135116,7148,6808,415060,1256708,1744386,43260,35004,24656,60660,6007,21408,5649,4066,4689,3282,809,25297,28873
24175,107431,144360,7028,5836,410108,1316733,1863974,46092,36908,24720,67425,6064,20936,6870,4895,4950,3414,811,25130,16030
25077,106605,158268,7844,4984,412156,1329340,2012403,51870,40868,25152,75455,5013,16072,9048,6432,4776,3226,638,23637,10628
27710,120791,216136,7564,3856,512692,1676334,3145314,59613,46100,25432,88940,6849,21976,8838,6447,2919,2009,902,19576,5549
28833,144038,227164,9172,2792,670504,2033094,3381161,79134,61825,36276,122195,13555,45000,8619,6441,4992,3766,2502,14264,3046
29180,155779,233228,8668,824,736356,2247294,3610950,85047,65708,36040,122290,15978,53812,7155,5420,5472,4218,3045,3645,840
29785,161102,222080,8468,844,799244,2232686,3281435,76893,61230,39872,107170,16802,54848,6003,4622,5715,4380,2970,3600,970
34276,197448,273576,13528,604,976012,2927380,4431235,134253,104927,61700,181645,22181,77124,14487,10973,10032,8029,4864,1495,2325
72270,437934,2694988,31492,852,2049780,17251387,128018723,511359,370517,118444,1611945,38620,139340,44154,31396,22188,16250,6072,4109,4016
71850,442202,2680512,31248,828,2094344,17473212,127918009,487023,355678,123984,1574165,37643,135592,40233,28902,23832,17376,6067,3299,4086
