Graph Number,Average Node Degree,Unique Degree Count,Degree Centrality,Assortivity Coefficient,Clustering Coefficient,Density,Number of Weakly Connected Components,Number of Strongly Connected Components,Number of Nodes,Number of Edges,Eigenvalue_1,Eigenvalue_2,Eigenvalue_3,Eigenvalue_4,Eigenvalue_5,Kernel Distance
0,-0.418848167539267,-4,-0.0010993390224127743,0.23568016729779157,-0.015384906969510745,-0.0005496695112063871,49,27,0,-80,1226219566161.4248,-613109783078.5726,-613109783081.4908,-1.4142135623730951,-1.0000000000000007,336973.42857142887
0,-0.37590361445783116,-2,-0.000907979745067226,0.25735585317263343,-0.014303047279718708,-0.00045398987253361276,46,30,0,-78,-4.384980182587383,4.332340926921474,-1.414213562373096,1.414213562373094,1.0000000000000002,343538.0476190479
0,-0.5255474452554745,-2,-0.000960781435567595,0.30452795145332756,-0.017212253082023066,-0.0004803907177837975,108,28,0,-144,370623628965.3879,-185311814480.49545,-185311814486.3566,1.4142135623730963,-1.0000000000000009,8536829.38095239
0,-0.5253940455341506,-2,-0.0009217439395335972,0.3933376450713086,-0.013426915406430347,-0.00046087196976679883,138,8,0,-150,1.4142135623730951,-1.414213562373095,-1.0,1.0,-1.0,34437002.476190515
0,-0.647359454855196,-2,-0.0011047089673296856,0.40407053863379905,-0.009653681368748125,-0.0005523544836648429,177,7,0,-190,-1.0,1.0,-1.0,1.0,-1.0,81180812.66666676
0,-0.653125,-3,-0.0010221048513302032,0.5562328277780771,-0.013802189892247626,-0.0005110524256651017,194,7,0,-209,-1.0,1.0,-1.0,1.0,-1.0,71125433.57142857
0,-0.6726190476190477,-2,-0.0010024128876587892,0.4757643408008304,-0.01959335462404659,-0.0005012064438293946,211,7,0,-226,-3167077763415.7344,3167077763415.734,-1.0,1.0,-1.0,12891269.333333343
0,-0.6875,-2,-0.000977951635846372,0.5485123202322382,-0.024384582163679554,-0.0004889758179231863,221,9,0,-242,-1.0,1.0,-1.0,1.0,-1.0,104755439.99999999
0,-0.7012278308321964,-2,-0.0009579615175303224,0.4942288530077127,-0.02023656692680483,-0.00047898075876516143,237,8,0,-257,-1.0,1.0,-1.0,1.0,-1.0,21778218.76190476
0,-0.6268656716417911,0,-0.0010413051023950015,0.38154636649718376,-0.012548462604956742,-0.0005206525511975008,174,4,0,-189,-1.0,1.0,-1.0,1.0,-1.0,94560884.47619048
0,-0.5062836624775582,4,-0.0009105821267581986,0.4183518406618732,-0.01149024738243106,-0.0004552910633790993,126,3,0,-141,-1.0,1.0,-1.0,1.0,-1.0,78394309.52380961
0,-0.5134099616858239,1,-0.000985431788264538,0.4166769662495552,-0.016092169810638785,-0.0004927158941322686,116,3,0,-134,-1.0,1.0,-1.0,1.0,-1.0,50581111.90476196
0,-0.587737843551797,-1,-0.0012452072956605875,0.3174862005842513,-0.00930246475817721,-0.0006226036478302935,124,2,0,-139,-1.0,1.0,-1.0,1.0,-1.0,37069973.7619048
0,-0.5307017543859649,1,-0.0011663774821669558,0.33645007116471737,-0.005482540143356169,-0.0005831887410834779,108,1,0,-121,-1.0,1.0,-1.0,0.0,0.0,27426004.5714286
0,-0.9079754601226995,1,-0.0013947395700809506,0.4394209531035249,-0.006901967825154647,-0.0006973697850404759,283,1,0,-296,-1.0,1.0,-1.0,0.0,0.0,41009765.80952386
0,-0.7220447284345048,0,-0.0011552715654952073,0.5636262134579575,-0.005857446303610962,-0.0005776357827476038,215,1,0,-226,-1.0,1.0,-1.0,0.0,0.0,35614336.52380956
0,-0.7295373665480427,-1,-0.0013004231132763683,0.7301159992378944,-0.006346623960104404,-0.0006502115566381842,202,-2,0,-205,2157677088004.0334,-1787231479211.1504,-370445608793.8827,0.0,0.0,26356904.428571455
0,-0.751908396946565,-2,-0.001437683359362456,0.6201449816268544,-0.007633916027908418,-0.0007188416796812284,192,0,0,-197,0.0,0.0,0.0,0.0,0.0,23116080.71428574
0,-0.7445544554455445,-2,-0.0014772905862014771,0.7145121214230137,-0.007921182150717779,-0.0007386452931007388,184,0,0,-188,0.0,0.0,0.0,0.0,0.0,21804117.4761905
0,-0.700787401574803,-1,-0.0013822236717451744,0.5688096975495145,-0.0078744711040197,-0.000691111835872587,173,0,0,-178,0.0,0.0,0.0,0.0,0.0,20710010.42857145
0,-0.8979591836734694,1,-0.0015297430726975633,0.6548679985932314,-0.003401583555006057,-0.0007648715363487813,259,0,0,-264,0.0,0.0,0.0,0.0,0.0,88748296.38095248
0,-0.6259946949602122,0,-0.001664879507872905,0.5064322058790782,0.0,-0.0008324397539364525,117,0,0,-118,0.0,0.0,0.0,0.0,0.0,2995208.4761904795
0,-0.6075949367088607,1,-0.0015421191287026924,0.6313226093338599,0.0,-0.0007710595643513464,118,0,0,-120,0.0,0.0,0.0,0.0,0.0,3131433.619047622
0,-0.5953488372093023,1,-0.0013877595272944092,0.7384216251297707,-0.010853507977130987,-0.0006938797636472055,122,1,0,-128,-1.0,1.0,-1.0,0.0,0.0,4115047.1904761945
0,-0.5733634311512414,1,-0.0012972023329213605,0.5478695244147386,-0.01053492238833961,-0.0006486011664606805,121,1,0,-127,-1.0,1.0,-1.0,-1.0,0.0,4944800.142857148
0,-0.5652173913043477,1,-0.0012314104385715637,0.48939605537514097,-0.010145617448337082,-0.0006157052192857818,124,1,0,-130,-1.0,1.0,-1.0,-1.0,0.0,4623668.714285719
0,-0.5675675675675675,1,-0.0012811908974437194,0.4907091129940905,-0.0060064966927712024,-0.0006405954487218595,118,1,0,-126,-1.0,1.0,-1.0,-1.0,0.0,4426869.761904767
0,-0.39639639639639634,5,-0.001193965049386736,0.26679933011720436,-0.010957046310902229,-0.000596982524693368,59,-1,0,-66,1862583958116.2683,-931291979057.6339,-931291979059.6339,-1.0,-1.0,3634322.8095238134
0,-0.48048048048048053,2,-0.0014472303628930128,0.2608317128387639,-0.015015328121365032,-0.0007236151814465068,73,2,0,-80,-1.3247179572447454,-1.0,-1.0,-1.0,0.6623589786223729,3754056.0476190513
0,-0.4606060606060607,2,-0.001400018421295017,0.20075612183448344,-0.00909090909090909,-0.0007000092106475087,70,2,0,-76,-1.324717957244746,-1.0,-1.0,-1.0,0.6623589786223731,3263047.809523813
0,-0.4322580645161289,3,-0.0013988934126735577,0.27361345212313093,-0.00967741935483871,-0.0006994467063367784,61,2,0,-67,-1.324717957244746,-1.0,-1.0,0.6623589786223731,0.6623589786223731,2891928.952380955
0,-0.44067796610169485,3,-0.0014989046466044051,0.24962743549929275,-0.016949582997040625,-0.0007494523233022021,60,2,0,-65,-1.3247179572447454,-1.0,0.6623589786223729,0.6623589786223729,0.0,2543877.2857142887
0,-0.49295774647887325,2,-0.0017419001642363027,0.19184435839877223,-0.01760602894665716,-0.0008709500821181505,66,2,0,-70,-1.3247179572447454,-1.0,0.6623589786223729,0.6623589786223729,0.0,3250171.523809527
0,-0.48299319727891166,1,-0.0016484409463444075,0.1553793485423723,-0.01020408163265306,-0.0008242204731722037,63,2,0,-71,-1.324717957244747,-1.0,0.6623589786223731,0.6623589786223731,0.0,3547039.809523813
0,-0.5192982456140351,-1,-0.0018285149493451926,0.46976911971825347,0.007142857142857143,-0.0009142574746725972,68,1,0,-74,-1.0,1.0,0.0,0.0,0.0,3060714.0000000033
0,-0.5092250922509225,0,-0.0018860188601886006,0.3312884178314891,0.0,-0.0009430094300943012,62,0,0,-69,0.0,0.0,0.0,0.0,0.0,2459635.5238095266
0,-0.5275590551181102,1,-0.0020852136565933186,0.19957346821668914,0.0,-0.0010426068282966606,60,0,0,-67,0.0,0.0,0.0,0.0,0.0,2015873.3333333354
0,-0.544,0,-0.002184738955823294,0.6110338502130825,0.0,-0.0010923694779116466,61,0,0,-68,0.0,0.0,0.0,0.0,0.0,2080064.9523809545
0,-0.4768211920529801,0,-0.0015841235616378072,0.23526609322184744,0.0,-0.000792061780818904,63,2,0,-72,-1.0,1.0,-1.0,1.0,0.0,2871841.6190476217
0,-0.5698630136986302,1,-0.001565557729941291,0.27081445757399264,-0.001643835616438356,-0.0007827788649706459,90,5,0,-104,-1.0000000000000004,-1.0000000000000004,1.0000000000000002,1.0000000000000002,-1.0,8739867.476190485
0,-0.5459459459459459,2,-0.0014795283087966006,0.2206471872162658,-0.007027185822720488,-0.0007397641543983007,90,5,0,-101,1.0000000089878023,-1.0000000082047036,-1.0,1.0,-1.0,11686939.761904774
0,-0.5855855855855856,-1,-0.0013218636243466945,0.17212922943014575,-0.01636646518836857,-0.0006609318121733473,117,5,0,-130,-1.0000034855691073,1.0000000000000007,1.0,1.0,1.0,20907857.4761905
0,-0.5825242718446602,0,-0.0008090614886731389,0.14809305717948654,-0.02163675603607757,-0.00040453074433656944,186,7,0,-210,1.0000029069801144,1.0000029069801144,-1.0000012244959968,-1.0000012244959968,1.0000000000000004,98088033.14285725
0,-0.522343594836147,2,-0.0005192282254832478,0.13206853834689725,-0.020622398568483292,-0.0002596141127416237,226,14,0,-263,1.0000000082593445,-1.0000000000000004,-1.0000000000000004,-1.0,1.0,8215016.380952382
0,-0.5201465201465201,0,-0.0004767612466970849,0.20789033786895486,-0.02970094974885394,-0.00023838062334854266,237,18,0,-284,1.000004701645367,-1.000004219462528,1.0000000000000004,-1.0000000000000004,1.0000000000000002,627153451.2857149
0,-0.5405405405405406,0,-0.00047167586434602115,0.20485586441698697,-0.02714337662903092,-0.00023583793217301068,263,17,0,-310,-1.0,1.0,-1.0,1.0,-1.0,903956242.7142867
0,-0.540722082283795,1,-0.00045438830444016406,0.19472052565819437,-0.022782061150101965,-0.00022719415222008192,278,16,0,-322,-1.0,1.0,-1.0,1.0,-1.0,993053232.6190487
0,-0.5615686274509804,1,-0.00044079170129590313,0.20848550194947604,-0.02245759996521186,-0.00022039585064795146,308,19,0,-358,-1.0,1.0,-1.0,1.0,-1.0,1405087740.3809538
0,-0.5397324940991344,1,-0.00042498621582609053,0.19966772482743125,-0.02252827070541755,-0.00021249310791304505,289,20,0,-343,-1.0,1.0,-1.0,1.0,-1.0,1638671271.523811
0,-0.6145922746781116,-1,-0.0005280002359777591,0.17333861885974358,-0.023891344819259308,-0.00026400011798887954,319,12,0,-358,-1.0000000088198302,1.000000000000001,-1.0000000000000009,1.0000000000000007,1.0000000000000004,1470340057.0952396
0,-0.6332046332046333,0,-0.0006117919161397417,0.20441580483539448,-0.018983325684023538,-0.0003058959580698711,298,8,0,-328,-1.0,1.0,-1.0,1.0,-1.0,1157301252.857144
0,-0.7939053728949479,-1,-0.0006371632206219486,0.1929880693169152,-0.03375726510730046,-0.00031858161031097425,444,9,0,-495,-1.0,-1.0,1.0,-1.0,1.0,3775063156.619052
0,-0.7805907172995779,1,-0.0005493249242080074,0.24682934674520152,-0.02878243179676927,-0.00027466246210400356,493,13,0,-555,1.414213562373096,-1.4142135623730945,1.0000000000000007,-1.0,-1.0,8094887891.285723
0,-0.7124528301886794,1,-0.0005381063672119935,0.256161276571281,-0.030889528571530326,-0.0002690531836059967,410,13,0,-472,-1.0000000000000009,1.0000000000000007,-1.0000000000000004,-1.0000000000000002,-1.0000000000000002,6041975845.33334
0,-0.7051177904142973,2,-0.0005732664962717867,0.25878811950331704,-0.028432213486618747,-0.00028663324813589324,379,14,0,-434,-1.0,-1.0,1.0,-1.0,1.0,4299080798.428576
0,-0.7123287671232876,-1,-0.000610393116643777,0.282428842607155,-0.024686121700746036,-0.0003051965583218884,368,10,0,-416,-1.0,1.0,-1.0,1.0,-1.0,3161438306.1904798
0,-0.6660516605166051,-1,-0.0006150061500615005,0.20867668678385876,-0.02659908406856737,-0.00030750307503075026,322,12,0,-361,-1.0,1.0,-1.0,1.0,-1.0,1874114358.09524
0,-0.5889447236180905,2,-0.0005924997219497888,0.2184902925507733,-0.04597371854796838,-0.0002962498609748946,235,37,0,-293,-3.0379606237613066,1.5189803118806557,1.5189803118806557,-1.0000000000000004,1.0000000000000002,896119807.8571439
0,-0.45401629802095456,2,-0.0005291565244999468,0.15180120400492883,-0.030746106169014836,-0.0002645782622499736,147,42,0,-195,-3.0379606237613093,1.5189803118806555,1.5189803118806555,-1.0000000000000027,1.0000000000000018,69455614.85714294
0,-0.12756264236902037,0,-0.0001454534120513345,0.11260169633105654,-0.027465203319417444,-7.272670602566735e-05,11,43,0,-56,-2.8371386686239264,1.4185693343119619,1.4185693343119619,-1.324717957244746,-1.0000000000000009,9941.619047619055
0,-0.11775878442545107,-1,-0.0001119380080089839,-0.017232228436871166,-0.020077665124898593,-5.5969004004492056e-05,19,41,0,-62,-2.70081430897735,1.3504071544886744,1.3504071544886744,-1.3247179572447454,-1.0,5612.428571428576
0,-0.11586901763224167,-1,-9.736892238003511e-05,-0.06923616837560553,-0.01023841817292699,-4.8684461190017555e-05,36,30,0,-69,-1.904160859134922,-1.3247179572447445,1.0000000000000029,1.0000000000000009,-1.0000000000000007,4526.333333333337
0,-0.10928143712574867,0,-8.185875440130973e-05,-0.03621590433450407,-0.0062375249500998,-4.092937720065487e-05,40,31,0,-73,-1.3247179572447454,-1.0,1.0,-1.0,1.0,4481.19047619048
0,-0.1065313887127457,0,-6.759605882788414e-05,-0.00025529541948428325,-0.009936981126085369,-3.379802941394218e-05,38,45,0,-84,-1.3247179572447474,-1.2207440846057613,-1.0000000000000013,-1.000000000000001,1.0000000000000009,7775.285714285721
0,-0.11408199643493777,0,-6.782520596607458e-05,0.05638639135046847,-0.01347008377137502,-3.3912602983037345e-05,49,48,0,-96,-1.5396133460819752,-1.3247179572447463,-1.3247179572447454,-1.0000000000000029,-1.0000000000000013,32676.142857142888
0,-0.22800844475721327,2,-8.025640434959988e-05,0.1360803287249949,-0.01061474297532302,-4.0128202174799965e-05,226,35,0,-324,-1.4422495703074076,-1.324717957244746,-1.3247179572447454,1.0,-1.0,19749605.952380955
0,-0.2770064341347782,1,-9.383686793183543e-05,0.14121251700174456,-0.008974048180361453,-4.6918433965917686e-05,311,28,0,-409,-1.4422495703074132,-1.3247179572447458,1.0000000000000004,-1.0000000000000002,1.0000000000000002,80403443.09523818
0,-0.25296671490593337,-2,-7.323877096292224e-05,0.13288301939232117,-0.007670132458748972,-3.661938548146112e-05,344,20,0,-437,-1.4422495703074076,-1.0,1.0,-1.0,1.0,98555896.33333343
0,-0.2575671045117076,-2,-7.356958140865679e-05,0.15592757160336954,-0.007376819847062873,-3.678479070432842e-05,356,23,0,-451,-1.4422495703074132,1.0000000000000004,1.0000000000000004,-1.0000000000000004,1.0000000000000004,100572823.28571439
0,-0.23833333333333329,0,-6.622209873112907e-05,0.17609020911989265,-0.00759266504061114,-3.311104936556451e-05,322,25,0,-429,405222355830.8635,-405222355833.3058,1.0,-1.0,1.0,51543949.476190515
0,-0.2515856236786469,-2,-6.650426214080011e-05,0.1659353099602779,-0.007223453664097256,-3.3252131070400084e-05,368,20,0,-476,-1.259921049894872,-1.0,1.0,1.0,-1.0,779266611.6190485
0,-0.2587376108502868,-1,-6.750263784249599e-05,0.16825698965958064,-0.006085923800377609,-3.375131892124797e-05,389,16,0,-496,-1.0,1.0,-1.0,1.0,-1.0,976038468.6190487
0,-0.18697092381302904,-2,-6.884054632291201e-05,0.12309015304114372,-0.00515280813195411,-3.4420273161456005e-05,209,16,0,-254,-1.3247179572447456,-1.0,1.0,-1.0,1.0,33788594.28571432
0,-0.2763915547024951,-2,-0.00010614115003936074,0.18188669330541207,-0.009916919997896009,-5.3070575019680314e-05,308,25,0,-360,-1.9041608591349186,-1.3247179572447454,1.0000000000000007,1.0000000000000004,1.0000000000000004,104672421.7142857
0,-0.36039099022524446,2,-0.00015322746183046106,0.22058807903771,-0.015724717184192535,-7.661373091523055e-05,365,60,0,-424,-2.825574690481196,1.1908069793257043,1.1908069793257043,-1.1691428711999983,1.000000000000003,1276609017.0952396
0,-0.411543287327478,0,-0.00017219384407007464,0.3214488244116347,-0.018262958444647984,-8.609692203503724e-05,426,69,0,-492,-3.2151810385605843,1.76518379854484,1.0000000000000029,1.0000000000000018,-1.0000000000000016,2574341996.000003
0,-0.45462328767123283,2,-0.00019469948080138438,0.2843938371765896,-0.022331648545834266,-9.734974040069225e-05,463,72,0,-531,-3.3612912916162148,1.7869325064771073,-1.0000000000000018,-1.000000000000001,-1.000000000000001,3854811440.476195
0,-0.5903021784961349,5,-0.00020748758470865905,0.32812143679195993,-0.030686361702200453,-0.0001037437923543295,745,115,0,-840,129070619931.06787,-129070619933.31271,1.101418535901031,1.101418535901031,-1.0000000000000022,23474435703.095264
0,-0.6176561058135959,0,-0.00019004803255802947,0.35450671557859637,-0.03729256983982318,-9.50240162790147e-05,883,160,0,-1004,-4.59273492661964,1.5500738735049189,1.5500738735049189,-1.0000000000000027,1.0000000000000024,64873739492.95245
0,-0.6417233560090703,1,-0.00018194594726653537,0.37193446270016184,-0.03880521615993712,-9.097297363326771e-05,986,186,0,-1132,-5.290631135937053,3.0564672753862587,1.000000000000003,-1.0000000000000027,-1.000000000000002,117482351462.00012
0,-0.6252771618625277,3,-0.0001733510290719511,0.37803871676996437,-0.033851371844551434,-8.667551453597557e-05,998,166,0,-1128,450782536166.0526,-225391268082.68625,-225391268086.57672,-1.0000000000000036,1.0000000000000033,126328186242.33347
0,-0.6815492200107585,-1,-0.0001833600269063111,0.3930249882545145,-0.031353284181688416,-9.168001345315557e-05,1135,171,0,-1267,-5.332448299229639,3.5630487035734415,-1.0000000000000022,-1.000000000000002,1.0000000000000018,162258635268.19067
0,-0.6765593561368208,1,-0.00017020361160674735,0.4126860666667363,-0.029863712474799665,-8.51018058033737e-05,1212,172,0,-1345,-5.304253483592559,3.551456027002417,1.0000000000000027,-1.0000000000000027,1.000000000000002,233673407494.3336
0,-0.6841346153846153,3,-0.0001644949784526608,0.3626660359572635,-0.032108522570442444,-8.224748922633029e-05,1287,182,0,-1423,-5.115119661960733,2.823562342480877,1.1194582986786585,1.1194582986786585,1.0035317289786896,294918172494.9527
0,-0.7209981417573665,1,-0.0001914493207003099,0.4041858212038892,-0.028074224435335582,-9.572466035015487e-05,1232,161,0,-1358,-5.298070469952242,3.6092006427687036,1.007404074897916,-1.0000000000000013,1.0000000000000013,204618003064.4288
0,-0.717596566523605,3,-0.0002053796698693777,0.42256124616624735,-0.02813544431775623,-0.00010268983493468876,1129,148,0,-1254,-5.33483900213762,3.9628488388496983,-1.000000000000002,1.0000000000000018,-1.0000000000000007,144104374118.143
0,-0.7065409546258101,2,-0.00020823488199994418,0.3990167951175125,-0.02484777799917993,-0.00010411744099997206,1089,132,0,-1199,-5.16350814778195,4.039145653528496,-1.0000000000000027,1.0000000000000018,-1.0,115773063058.04774
0,-0.711177347242921,1,-0.00021203856506944567,0.3920179857975831,-0.024143077657636552,-0.00010601928253472286,1085,124,0,-1193,-4.944667016992208,3.7741753619920453,-1.0000000000000027,-1.000000000000002,1.000000000000001,107507861652.52393
0,-0.6893353941267388,0,-0.0002131525646650397,0.3800429392332905,-0.02235961661707074,-0.00010657628233251993,1023,108,0,-1115,-4.422295080048674,2.6682314969239886,1.0000000000000018,1.0000000000000016,-1.0000000000000013,77969605342.38104
0,-0.6216955332725616,1,-0.00018896520768162974,0.3203034141601015,-0.01914312615492818,-9.448260384081484e-05,936,95,0,-1023,-4.133094817274522,1.9673694686640408,1.000000000000001,-1.0000000000000009,-1.0000000000000004,54579103822.809586
0,-0.6060792140006139,-1,-0.0001861422647422034,0.3188125620220357,-0.016016799863546913,-9.307113237110167e-05,911,82,0,-987,-4.001705350330575,1.991620136513552,1.0000000000000022,-1.000000000000002,-1.0000000000000009,47514610124.95243
0,-0.5898499840408553,1,-0.00018833013538980056,0.27217533609017974,-0.01431005485338871,-9.416506769490028e-05,853,57,0,-924,-3.625495224148274,1.7896818789751947,1.7896818789751947,1.0000000000000007,-1.0000000000000007,38450451792.381
0,-0.5979314802844216,2,-0.00019331764639004894,0.3164457630396612,-0.015136845686743458,-9.66588231950245e-05,847,60,0,-925,-3.8455787183924284,1.899623092738942,1.899623092738942,1.0000000000000027,-1.000000000000002,41502782139.66671
0,-0.6080992815153494,0,-0.00019866033371948686,0.3320637042068978,-0.01834315397965775,-9.933016685974346e-05,846,68,0,-931,-3.9545691873881355,1.9577907860634953,1.9577907860634953,1.0000000000000013,-1.0000000000000013,40472534139.04767
0,-0.6287710384248968,1,-0.00019973667040180964,0.3324116813698144,-0.0182597896940714,-9.98683352009048e-05,892,90,0,-990,-4.602858429572039,3.2205756449300886,1.0284994110288268,-1.0000000000000022,-1.0000000000000018,44285284353.66671
0,-0.6385696040868456,0,-0.00020395068798685585,0.32497305128907983,-0.017773536587930013,-0.0001019753439934279,899,89,0,-1000,-4.485054948971527,3.2905737474855066,1.0150317488777454,1.0000000000000013,-1.0000000000000013,46526957259.04767
0,-0.7100424328147101,3,-0.0002511646384204845,0.4967247981065665,-0.02386847774600919,-0.00012558231921024228,896,108,0,-1004,-4.929329458064462,3.697336578515668,1.0123833969147238,-1.0000000000000013,-1.0000000000000013,52319309430.47625
0,-0.7290203327171902,1,-0.0002696081112119787,0.43901512917485574,-0.024892195353436137,-0.00013480405560598933,881,103,0,-986,-4.83177591290289,3.756085910623725,1.000000000000002,1.000000000000002,-1.000000000000002,47151693714.71434
0,-0.7303326810176125,1,-0.0002859564138675066,0.4004274228869802,-0.020091334547729923,-0.00014297820693375343,846,84,0,-933,-4.434941145777976,3.4784388547421616,1.0000000000000022,1.0000000000000018,-1.000000000000001,38496301588.000046
0,-0.7212020033388982,1,-0.0003011281851101871,0.39965467986156744,-0.016416259598187207,-0.00015056409255509358,788,70,0,-864,-4.234368207191296,3.42717204697387,1.000000000000001,-1.0000000000000004,-1.0000000000000004,26189282121.238125
0,-0.7048192771084338,-1,-0.0003034090732279095,0.38611531236578417,-0.016351129683698572,-0.00015170453661395472,748,69,0,-819,-3.9882743579320166,3.108972551018184,1.0000000000000002,-1.0,-1.0,22306610387.66669
0,-0.6891766882516188,0,-0.0003189156354704391,0.4157973404685086,-0.033527836639929205,-0.00015945781773521955,659,54,0,-745,-557643132557.1742,557643132555.446,1.7280284957392746,1.0000000000000004,-1.0000000000000004,18153458303.47621
0,-0.724624060150376,-1,-0.0003406789187354846,0.42991739734264506,-0.036804787962081115,-0.00017033945936774234,681,62,0,-771,-3.3678722419059204,1.6852411612476121,1.6852411612476121,1.0000000000000033,-1.000000000000002,18659105381.9524
0,-0.7402901263453439,-1,-0.00034657777450624694,0.36644757128367333,-0.036337818281969685,-0.00017328888725312363,694,62,0,-791,-3.367872241905918,1.6852411612476124,1.6852411612476124,-1.0000000000000013,1.0000000000000013,18537414472.857162
0,-0.7061015370284118,-1,-0.00032903147112227913,0.3795713159075263,-0.031246969666761538,-0.00016451573556113973,665,60,0,-758,-3.130936041585106,1.5726200269044757,1.5726200269044757,1.0000000000000004,-1.0,18348223681.9524
0,-0.7199265381083564,-2,-0.00033069661833181273,0.40672761887529213,-0.039569189033098764,-0.00016534830916590637,667,84,0,-784,-3.5637239392641193,1.7916182111712733,1.7916182111712733,-1.0000000000000016,1.000000000000001,20246410445.571453
0,-0.7290059010440308,-5,-0.00033106535015623557,0.3749747233616271,-0.04426213657372037,-0.00016553267507811778,679,96,0,-803,-3.7108439858360613,1.869975778697659,1.869975778697659,1.0000000000000013,-1.000000000000001,21988022272.09526
0,-0.7394495412844035,-3,-0.00033935270366425134,0.4326385339081349,-0.037779415046520826,-0.00016967635183212567,689,124,0,-806,-4.6502134088716325,3.354716103139688,-1.2503904698875625,1.0071807961402264,1.0000000000000024,20869275890.76193
0,-0.7273598466698612,-1,-0.00034868640779955006,0.42780559403692414,-0.037943843936378,-0.00017434320389977492,646,124,0,-759,-4.730488417651413,3.5240646012297105,-1.2511354196695896,-1.0000000000000016,1.0000000000000013,18672054882.666687
0,-0.7282051282051281,1,-0.00037363013248082537,0.39222121715349156,-0.0335156011893109,-0.00018681506624041258,609,108,0,-710,-4.532434413285882,3.433054501340368,-1.2481962591231708,1.0000000000000024,-1.0000000000000022,14379774331.523827
0,-0.7369614512471654,-1,-0.00041801557075846034,0.3777386459482647,-0.02948686051429618,-0.00020900778537923017,560,94,0,-650,-4.227211063262507,3.22101377604312,-1.1802645065747681,1.000000000000004,-1.0000000000000036,9311512784.09525
0,-0.7394080092861288,0,-0.00042938908785489487,0.3452579479745822,-0.03250636145538696,-0.00021469454392744733,547,96,0,-637,-4.298190584737199,3.0884733835341307,1.0000000000000013,-1.0000000000000004,1.0000000000000002,8435594250.380961
0,-0.7524868344060855,0,-0.00044056606229864463,0.42076262968039013,-0.033553532334085735,-0.00022028303114932248,561,93,0,-643,-4.1941006711419275,2.573727092198318,1.0000000000000033,-1.000000000000003,1.0000000000000018,7819744632.142865
0,-0.7428571428571429,0,-0.00045185957594716755,0.3510242078893407,-0.028672821393072524,-0.00022592978797358356,535,84,0,-611,-4.147592582825721,2.961674908595453,1.000000000000001,-1.0000000000000009,-0.9999999999999997,6460240608.666674
0,-0.6833558863328821,0,-0.00046266478424704296,0.38743089391073554,-0.027063646709774625,-0.00023133239212352137,447,53,0,-505,-3.401610535233724,1.476703311344543,1.476703311344543,-1.0000000000000002,0.9999999999999999,3600615299.095242
0,-0.723969252271139,1,-0.0005062722043854118,0.40150722375403636,-0.024225528128661026,-0.00025313610219270595,458,49,0,-518,-3.293612359046875,1.1468061795234377,1.1468061795234377,-1.0,0.9999999999999991,3143994219.0952415
0,-0.7779237844940867,-1,-0.0005114554796147842,0.3391876873154371,-0.02452916597447123,-0.000255727739807392,528,52,0,-592,-3.3266805999103264,1.196934828401237,1.196934828401237,-1.0,-1.0,4382280070.380958
0,-0.7842138765117759,-1,-0.000499499284402405,0.37152712275103444,-0.021642296243702168,-0.0002497496422012025,545,51,0,-616,-3.3745763301000347,1.2710400725906927,1.2710400725906927,-1.000000000000001,1.0000000000000009,5741847834.000007
0,-0.7397260273972601,0,-0.00046088849059019337,0.36794546993500027,-0.018264867728484027,-0.00023044424529509669,525,44,0,-594,-3.241463452682598,1.4053025854325978,1.4053025854325978,-1.0,1.0,5212130021.333339
0,-0.6726190476190477,-1,-0.00040060693723588316,0.40476866324574456,-0.017080052078628047,-0.00020030346861794153,503,42,0,-565,-3.165632099304669,1.3228756555322962,1.3228756555322962,-1.0,-1.0,4217360378.333338
0,-0.6428982173663025,-1,-0.0003699069144800359,0.3779776529326258,-0.01496711855972407,-0.000184953457240018,504,39,0,-559,-3.126100335528929,1.2712411239140158,1.2712411239140158,-1.000000000000001,-1.0000000000000002,3933015136.0476236
0,-0.6431578947368419,2,-0.00033868240902413995,0.3139588627005834,-0.01790937889124617,-0.00016934120451207008,542,50,0,-611,-3.529655459010948,1.454663972296879,1.454663972296879,1.0000000000000018,-1.0000000000000013,6490945553.7142935
0,-0.642343268242549,-1,-0.00033025360835092505,0.33074186201191513,-0.01817119922429307,-0.00016512680417546242,560,53,0,-625,-3.7836630224730246,1.571922626921784,1.571922626921784,1.000000000000001,-1.000000000000001,7115558230.3809595
0,-0.6169354838709677,-1,-0.00031111219559806736,0.27471014386046305,-0.018075177379894992,-0.00015555609779903374,546,50,0,-612,-3.6115817893087145,1.4142135623730927,1.4142135623730927,-1.0,-0.9999999999999989,6125565930.238102
0,-0.5843495934959351,1,-0.00029707655998776575,0.3152009311386354,-0.014665217392250022,-0.00014853827999388277,515,45,0,-575,-3.5887136201339156,1.722392233791255,1.722392233791255,-1.0000000000000018,-1.0000000000000013,4998212459.666672
0,-0.5841995841995842,0,-0.0003037959356212086,0.3095362021586426,-0.013946659568826854,-0.00015189796781060435,504,43,0,-562,-3.5887136201339214,1.722392233791257,1.722392233791257,-1.0000000000000004,-1.0000000000000004,4280805791.000005
0,-0.6180790960451978,-1,-0.00034939462749869834,0.33241847324272733,-0.01629004480042914,-0.00017469731374934928,486,57,0,-547,-3.7758439614913293,2.7094707205962814,1.02101392776831,-1.0,0.9999999999999993,3702055716.952385
0,-0.6340023612750885,2,-0.0003744845607058998,0.3543685079681139,-0.017020885699761307,-0.0001872422803529499,474,59,0,-537,-3.7605566636944627,2.789861534270489,1.0143880070970341,1.000000000000001,-1.000000000000001,3534197678.428575
0,-0.6283987915407856,-1,-0.0003799267179811277,0.34243524354162064,-0.012185316860745957,-0.00018996335899056397,463,46,0,-520,-3.5088971469252495,2.860488922115046,1.0000000000000007,-1.0,-1.0,3016808172.952384
0,-0.6401985111662531,0,-0.00039739199948246595,0.30947155584170605,-0.014578190134798776,-0.0001986959997412332,463,42,0,-516,-3.2540650800957134,2.404298587303125,-1.000000000000001,-1.0000000000000009,1.0000000000000004,2676486402.523813
0,-0.5944482058226133,-3,-0.0004027426868716892,0.30207468725441344,-0.012199808659539804,-0.00020137134343584464,390,29,0,-439,-2.8414280875635543,1.9547752257097157,-1.000000000000001,0.9999999999999998,0.4433264309269198,1186547259.57143
0,-0.6387141858839971,-3,-0.00044665327684195613,0.31007626843885056,-0.01421557812244825,-0.000223326638420978,401,30,0,-457,-2.739646805079337,1.3136971324917763,1.3136971324917763,-1.0000000000000013,1.0000000000000004,645543395.238096
0,-0.6390449438202246,-2,-0.00044908288392145096,0.19679705372889023,-0.015455605323799346,-0.00022454144196072548,392,29,0,-455,-2.6128418615331306,1.3867518064044257,1.3867518064044257,1.0000000000000004,1.0,58928209.47619047
0,-0.6436285097192225,-5,-0.00046370930095044856,0.17357329727606316,-0.020763297100456407,-0.00023185465047522417,374,23,0,-447,-2.0417129168936583,-1.1892071150027212,1.1892071150027204,1.000000000000001,-1.0,25452366.095238097
0,-0.6307583274273565,-4,-0.0004473463315087633,0.210278503146663,-0.0217248615749956,-0.0002236731657543817,363,18,0,-445,-1.7613778285492947,-1.3532099641993245,1.194808781065422,1.0000000000000004,-1.0000000000000004,79979849.76190485
0,-0.6330731014904187,-3,-0.00044962578230853614,0.20487249611347214,-0.0234586203366412,-0.00022481289115426802,368,10,0,-446,430653484375.7691,-430653484376.0577,-1.0000000000000004,1.0000000000000002,-0.9999999999999991,46623744.000000045
0,-0.6005547850208044,-3,-0.0004167625156285946,-0.003968003031276708,-0.01965188140027889,-0.00020838125781429714,343,2,0,-433,-0.9999999999999998,0.5000000000000002,0.5000000000000002,0.0,0.0,34677970.571428604
0,-0.6448979591836737,-4,-0.0004390047373612479,0.05414969893587679,-0.02151327908826109,-0.000219502368680624,377,1,0,-474,-1.0,1.0,0.0,0.0,0.0,45341298.8571429
0,-0.6093432633716995,0,-0.0004128341892762191,-0.006626773128229409,-0.023552357425617884,-0.00020641709463810955,349,1,0,-450,-1.0,1.0,0.0,0.0,0.0,50393600.952381
0,-0.631728045325779,-4,-0.0004477165452344288,0.0515514087793381,-0.02510905880947542,-0.0002238582726172144,353,1,0,-446,-1.0,1.0,0.0,0.0,0.0,48689958.04761909
0,-0.598870056497175,-1,-0.0004232297219061306,0.043621734154047964,-0.023550134492389976,-0.00021161486095306535,342,1,0,-424,-1.0,1.0,0.0,0.0,0.0,56453107.90476196
0,-0.6370909090909092,-3,-0.00046367606192933676,0.07902769397805252,-0.026796994355476635,-0.0002318380309646685,358,3,0,-438,-1.0,1.0,-0.9999999999999998,0.5000000000000002,0.5000000000000002,69581234.23809531
0,-0.6928011404133998,-4,-0.0004941520259724681,0.07410665835002875,-0.030295140955739715,-0.0002470760129862339,400,1,0,-486,-1.0,1.0,0.0,0.0,0.0,64605886.9047619
0,-0.7053637031594417,-3,-0.0005186497817348834,-0.019415652120528645,-0.033683088404845865,-0.00025932489086744173,392,2,0,-480,-1.0,1.0,-1.0,1.0,0.0,30896534.571428567
0,-0.6815042210283959,-2,-0.0005234287411892442,-0.029801715953078203,-0.033516218504612685,-0.0002617143705946222,359,2,0,-444,-1.0,1.0,-1.0,1.0,0.0,50213010.71428572
0,-0.6858029480217225,-4,-0.000532455704985809,-0.0765878701105329,-0.02573350129847279,-0.0002662278524929046,365,2,0,-442,-1.0,1.0,-1.0,1.0,-1.0,79498801.76190476
0,-0.6993114001530223,-2,-0.0005354604901631106,-0.09521353818996746,-0.027801775355244668,-0.00026773024508155524,371,4,0,-457,-1.0,1.0,-1.0,1.0,-1.0,86895612.99999999
0,-0.723207401696222,-2,-0.0005580304025433812,-0.08835243897467181,-0.02583130333566925,-0.0002790152012716906,383,4,0,-469,-1.0,1.0,-1.0,1.0,-1.0,102943240.04761916
0,-0.7178043631245603,-4,-0.0005054960303694084,-0.05555633470962413,-0.020175716009318893,-0.0002527480151847043,421,4,0,-510,-1.0,1.0,-1.0,1.0,-1.0,82866866.8095239
0,-0.589367088607595,-2,-0.00029856488784579295,-0.1776902657003159,-0.022180002922450117,-0.00014928244392289637,470,4,0,-582,-1.0,1.0,-1.0,1.0,-1.0,76438164.66666675
0,-0.5749690210656753,-1,-0.00023759050457259316,0.0936277144973917,-0.020833484907415788,-0.00011879525228629658,557,4,0,-696,-1.0,1.0,-1.0,1.0,-1.0,64222555.85714287
0,-0.5564759036144578,-2,-0.00020959544392258297,0.09967795967266048,-0.022453921531374404,-0.00010479772196129148,565,2,0,-739,-265871790939.9582,265871790939.95813,-1.0,1.0,-1.0,59906569.23809528
0,-0.5622377622377623,-1,-0.0001966553907792102,0.1497645300709295,-0.021831216934145237,-9.832769538960513e-05,604,2,0,-804,-1.0,1.0,-1.0,1.0,-1.0,47896807.42857144
0,-0.9741679085941382,3,-0.0002420292940606556,0.5446646135781529,-0.021916335636706287,-0.00012101464703032769,1650,163,0,-1961,-4.518406617597649,2.3195077954735934,2.3195077954735934,-1.0,1.0,108985992296.80963
0,-0.7775647171620326,-2,-0.00018642165359914468,0.5786457535056503,-0.021029495421230098,-9.321082679957237e-05,1307,148,0,-1622,-4.357697987871185,2.188704212206482,2.188704212206482,1.000000000000004,-1.0000000000000036,111750603715.23822
0,-0.8362369337979092,-3,-0.00019429296788984872,0.6343997612585174,-0.024855262835069107,-9.714648394492441e-05,1416,216,0,-1800,-5.3388938829585335,3.3631475046344463,2.2068245705533984,-1.000000000000004,1.0000000000000036,177865133370.33353
0,-0.8948800395745735,-2,-0.00022139535862804896,0.6955076551402717,-0.024479000411109297,-0.0001106976793140244,1449,201,0,-1809,-5.245248638542092,3.1204173845502114,2.5001902193734957,-1.0000000000000024,1.0000000000000022,201584743712.38116
0,-0.9289099526066351,-5,-0.00024464312683872405,0.6600266880084192,-0.027822428460077063,-0.000122321563419362,1433,140,0,-1764,-4.6587614919085665,2.4244862167862604,2.4244862167862604,-1.0000000000000013,-1.000000000000001,224546222244.28598
0,-0.9284176533907429,-4,-0.0002499105392707248,0.6382803401517737,-0.029925671917363377,-0.00012495526963536243,1416,137,0,-1725,-4.6366788452031065,2.3389780007694116,2.3389780007694116,-1.0000000000000024,1.000000000000002,245709499919.95267
0,-0.9205113952195667,-3,-0.0002559108688405798,0.6526961288184191,-0.030165620410790885,-0.00012795543442029001,1364,138,0,-1656,-4.821467231413453,2.900731541615419,1.8766162697351274,-1.0000000000000004,1.0000000000000004,259932050633.33362
0,-0.8727272727272726,-3,-0.0003871904493022507,0.5297527357469596,-0.05065924902375794,-0.0001935952246511253,716,131,0,-984,-4.777431689386911,3.3562052459826255,1.0726244792436395,1.000000000000002,-1.0000000000000016,11567464275.571442
0,-0.8693181818181819,-2,-0.00041180397054390433,0.5251652427719296,-0.0518154728301581,-0.0002059019852719521,669,128,0,-918,-4.89675868767854,3.6395254076266577,1.000000000000002,-1.0000000000000013,-1.0000000000000009,11049764676.714296
0,-0.8530465949820787,-2,-0.0005098903735696823,0.4482304645041519,-0.05685052950548605,-0.0002549451867848413,520,105,0,-714,-4.578917130626596,3.5320306050167605,-1.0000000000000013,1.0000000000000009,-1.0000000000000009,2758395225.14286
0,-0.8740259740259739,-2,-0.0005679181117777607,0.47042166947184344,-0.05508739167276042,-0.00028395905588888046,502,87,0,-673,-4.646448750113927,3.7443240878417354,1.0000000000000018,-1.0000000000000018,-1.0,2122442925.0000021
0,-0.850034554250173,2,-0.000587852388831378,0.4594057837408083,-0.054942229319700484,-0.000293926194415689,460,74,0,-615,-4.535856357018597,3.8020799876525238,-1.0000000000000007,1.0,-1.0,1602819186.5238113
0,-0.8348082595870205,0,-0.0006160946565217862,0.45865871186548623,-0.053590207292468627,-0.0003080473282608932,428,64,0,-566,-4.210016270299381,3.497884909727181,-1.000000000000001,1.0000000000000002,0.7617520330646328,1343372181.333335
0,-0.8558490566037738,-1,-0.0006464116741720343,0.4729664157496113,-0.05710825688850627,-0.0003232058370860172,425,59,0,-567,-4.00486188421494,3.3272635553816454,0.7997676544911231,-0.06108466282891306,-0.06108466282891306,1341789169.8571444
0,-0.8557993730407525,-2,-0.0006712151945417668,0.4373424022643163,-0.06452618282949986,-0.0003356075972708833,404,56,0,-546,-3.7408631111498405,2.487721800400245,1.4606330810489716,-1.0000000000000013,1.0000000000000009,1161576088.1904774
0,-0.8495842781557066,-2,-0.000642650739905981,0.41427491476854694,-0.05858049230722453,-0.0003213253699529904,427,56,0,-562,-3.786160958435947,2.5090779396103673,1.1422026254796733,1.0000000000000024,-1.0000000000000024,1210782798.1904774
0,-0.8204736440030558,-3,-0.0006272734281368928,0.4880591278435489,-0.054623468262175075,-0.00031363671406844636,392,58,0,-537,-3.6817146679297115,2.0000000000000013,1.421446494999044,-1.0,1.0,960873422.952382
0,-0.8216463414634145,-1,-0.0006267325259064945,0.4095583526384898,-0.05526581528585481,-0.0003133662629532474,373,72,0,-539,-3.8472275389074397,2.218718051276263,1.398966598163989,1.000000000000001,-1.0000000000000009,721997534.6190485
0,-0.8181818181818183,-4,-0.0006529783066095915,0.451519990600855,-0.043998490627008814,-0.00032648915330479574,359,64,0,-513,-3.7266842376417904,1.8931942340370451,1.8931942340370451,-1.0000000000000009,-1.0000000000000007,73341909.52380958
0,-0.7931547619047619,-1,-0.0005905843349998231,0.4891489486336785,-0.04673230382475476,-0.00029529216749991135,336,100,0,-533,-4.02999385482006,2.0821440755956795,2.0821440755956795,-1.1437468509651978,1.0000000000000002,74267320.0476191
0,-0.8601823708206684,-3,-0.0006541310804719911,0.4179180096991292,-0.05514911973779492,-0.0003270655402359957,359,137,0,-566,-4.3220270116036055,2.3118118183554985,2.3118118183554985,-1.4264484924317522,1.000000000000001,40040849.61904762
0,-0.8496530454895912,-3,-0.0006555964857172772,0.45020180630174733,-0.04038960712609986,-0.0003277982428586386,355,125,0,-551,2.6013073919171796e+16,-1.3006536959585862e+16,-1.3006536959585862e+16,-1.290633943398499,-1.000000000000003,71398705.71428576
0,-0.8567026194144838,-2,-0.00066052630641055,0.4412182187243476,-0.03449402094920282,-0.0003302631532052752,364,122,0,-556,-4.147537111135648,2.4182903674410987,2.4182903674410987,-1.2798758433660835,1.0000000000000018,28934405.52380953
0,-0.8780120481927709,-3,-0.0006616518825868658,0.44297538693618327,-0.030551968518515486,-0.00033082594129343293,371,123,0,-583,-4.418874421590743,2.669864669564401,2.669864669564401,-1.3056235689929583,1.0000000001950928,47470052.85714289
0,-0.8815028901734103,-2,-0.0006373845915932108,0.4641127067814177,-0.0406606132025832,-0.00031869229579660534,394,118,0,-610,-3634181860288682.0,3634181860288679.5,2.5482637370380856,-1.3685074290434796,-1.0000000006105028,91349872.95238103
0,-0.8285714285714285,-3,-0.0005149604901003282,0.4235823297367701,-0.03619458099612044,-0.0002574802450501643,420,138,0,-667,-4.630950632314068,2.599086910772646,2.599086910772646,-1.4559254847091194,-1.000000000000001,578632533.3809531
0,-0.7505854800936769,-6,-0.00043971029882464944,0.42624713668570885,-0.029647025161523705,-0.00021985514941232483,425,110,0,-641,-4.200580245104855,2.1983833789473857,2.1983833789473857,-1.000000000000002,1.0000000000000013,679703640.1428578
0,-0.6994535519125682,-5,-0.0003824240305700208,0.5089055986937875,-0.030772142959904908,-0.00019121201528501052,429,112,0,-640,-4.210862360618785,2.1412518214550484,2.1412518214550484,1.0000000000000018,1.0000000000000016,759779728.6666675
0,-0.6871591472483887,-3,-0.0003408527516113039,0.42364824419331076,-0.03156731954793378,-0.00017042637580565195,481,120,0,-693,-4.327853233654491,2.410663553417133,1.71587177163997,-1.0000000000000016,1.0000000000000013,970543925.0000011
0,-0.6478342749529191,-5,-0.00030515038857885964,0.377147935106034,-0.03228432860742441,-0.00015257519428942982,463,120,0,-688,-4.385536149925543,2.9242862447292945,1.3678427700475706,-1.0000000000000027,-1.0000000000000027,1227255040.761906
0,-0.6147540983606556,-7,-0.0002800702042645356,0.360054975373841,-0.024454775221090977,-0.0001400351021322678,466,108,0,-675,-81675336850.60117,81675336849.26991,1.0851075361477676,-1.0000000000000033,1.0000000000000027,1226165317.8095253
0,-0.6415754923413566,-6,-0.00028089995286399163,0.3998631785554059,-0.02158131667457345,-0.00014044997643199576,531,115,0,-733,-4.127838885713037,2.8341100895281706,1.1680594081702542,-1.000000000000002,1.0000000000000016,1530348042.9523826
0,-0.6101541251133273,-4,-0.0002767138889402846,0.4005408924088636,-0.02461728895452883,-0.00013835694447014225,481,122,0,-673,-3.9339352005687047,1.787095217118502,1.787095217118502,1.0000000000000007,1.0000000000000004,1115042084.5714297
0,-0.6258442143178748,-1,-0.000281911808251295,0.371115499667405,-0.026251892274663412,-0.0001409559041256475,457,158,0,-695,-4.397531213311263,2.3373092780148426,2.3373092780148426,-1.0000000000000007,1.0000000000000007,1204740255.0000012
0,-0.6913895993179882,-3,-0.0002948356500289928,0.4163072018823571,-0.033434994478452586,-0.0001474178250144964,509,182,0,-811,-4.805522147714852,2.7739575677578445,2.7739575677578445,-1.000000000000004,1.0000000000000038,1764138822.0952399
0,-0.6869851729818781,-1,-0.00028305940378322116,0.42878167600152567,-0.03411794720055076,-0.00014152970189161064,516,177,0,-834,-4.834352463215633,2.7741484329524417,2.7741484329524417,-1.0,1.0,2332169756.2380977
0,-0.6975284425264812,-4,-0.00027375527571682934,0.4149417066794425,-0.0330867317599188,-0.00013687763785841462,557,186,0,-889,-5.030068873159192,2.8449460370381834,2.8449460370381834,1.0000000000000013,-1.0000000000000004,2724097436.4761934
