Prob Old Nodes,Prob New Nodes,Prob OO,Prob NN,Prob ON,Prob OON
526.6433,52.489162,430.44904,9.462085,40.200047,10.305343
499.52972,48.058067,402.9361,7.566053,35.400616,7.194778
440.51526,46.148136,364.69843,6.154838,36.40292,5.639527
414.69046,38.331955,345.09244,5.8364854,31.976131,5.7179875
662.35455,68.94461,533.7181,10.084827,53.76424,8.777419
571.3736,52.21263,478.35498,8.550567,42.29345,8.743785
517.12366,46.933365,432.70023,7.3479195,39.69486,7.1749034
472.4763,41.09778,400.41092,6.7221026,35.85524,6.9645953
332.3006,32.740364,308.87692,5.2315984,27.810368,7.389234
365.54364,41.143017,296.31708,5.176925,31.050283,4.5444684
575.4307,61.241253,458.28513,8.876487,46.151985,7.6961846
383.5506,38.179626,338.92575,5.9373126,30.677132,7.337869
351.98578,31.859058,293.6692,5.0442004,26.357357,5.257705
398.92084,38.360695,328.32593,5.6967387,31.17228,5.4487987
398.6567,36.972916,330.66312,5.645107,30.411133,5.559048
408.26712,38.24444,338.51086,5.7287292,31.67728,5.5283103
406.73172,40.372833,332.56436,7.0374203,31.148163,8.03879
334.251,32.92833,277.519,4.982849,24.414015,5.5608473
298.30753,30.633026,244.93326,3.932818,24.159822,3.7978065
299.9138,28.34981,247.86426,4.0088,23.443354,4.0975494
277.39194,24.606243,232.94328,3.6698923,21.011028,4.046686
261.8511,23.153996,220.50578,3.4055655,20.02472,3.7835748
255.8224,22.753555,215.19318,3.3170648,19.647806,3.6800177
272.4336,25.058144,227.02054,3.6132135,21.104164,3.8744867
265.0808,23.905827,221.76558,3.471157,20.288744,3.7799509
247.89021,21.838161,208.85327,3.2054622,18.886906,3.6089776
219.06981,28.106186,189.3258,2.914405,21.2678,3.2268784
233.5189,22.743355,191.02504,3.184316,18.178328,3.4128811
287.91028,28.501472,233.70619,4.00053,22.326035,4.031807
356.90802,36.00278,288.57224,5.020129,28.157742,4.7844677
341.02487,32.04147,280.8582,4.6496377,25.960611,4.6973925
422.25348,42.12152,343.84338,5.952528,33.726044,5.616001
694.7543,68.70793,568.83795,12.188907,53.38222,13.949119
1000.3475,104.49847,794.0791,15.534183,77.00251,14.4374895
1022.43945,102.85048,823.73474,14.855524,79.52246,13.403373
1062.7306,104.11749,868.8581,15.24532,84.25348,14.102506
1080.8025,101.628845,894.9814,15.607581,84.413895,15.245254
1170.2427,110.726814,968.61035,17.047651,92.003296,16.639383
1157.8828,106.129,965.8418,16.769104,89.54894,16.811232
1068.2788,94.7173,900.24945,15.278964,82.200836,15.757491
961.69165,82.336914,819.01196,13.771862,73.44653,14.831464
1251.2815,121.106606,1031.6779,18.603659,99.96981,18.095968
1429.2137,137.27205,1175.0919,21.35783,111.39526,20.765882
1254.4058,115.110664,1058.56,18.415092,97.0708,19.134054
1127.756,99.09349,954.7241,16.19918,86.789276,16.939077
1050.399,90.91629,892.2234,15.030503,80.66222,15.925681
963.3695,81.80194,822.5688,13.804068,73.50935,14.993861
892.53204,75.80473,762.11914,12.740647,68.16542,13.867898
782.31604,77.57323,640.6212,13.675803,60.508415,15.907724
758.61755,72.34915,614.84955,11.313386,54.63271,11.70796
863.853,89.01663,694.36084,12.172698,69.706604,10.9291
990.77704,98.69032,806.68646,14.212022,79.28319,13.49095
1080.7446,104.5396,886.95416,15.569767,85.08832,15.253027
1308.3896,129.84491,1067.6515,19.052458,104.808464,18.168947
1374.3911,131.3087,1131.9719,19.877281,107.667625,19.545126
2689.7957,292.71255,2134.874,41.15493,224.01982,36.13538
2674.6812,258.39804,2182.4778,39.8208,204.23724,38.584484
2995.7312,297.96234,2440.7346,43.784428,239.76418,40.463314
2987.9795,281.1724,2474.2239,43.52536,233.82133,42.696705
3041.8298,283.0255,2531.5461,44.262142,238.9003,43.989986
3218.5547,300.4061,2677.8184,47.14732,253.35806,46.997555
3220.1057,294.5732,2691.616,47.037857,250.64874,47.680737
2373.99,212.43124,2123.0957,36.701614,192.96716,44.753994
2142.4097,176.53847,1842.8396,31.699614,160.92558,36.148067
2116.8901,212.23135,1730.2245,39.763412,162.84761,42.60748
2187.4944,215.42719,1759.4481,35.247303,158.65997,32.843597
2071.2883,216.00984,1687.0327,30.833143,168.17323,25.926085
2736.0444,281.76886,2213.0881,42.716557,221.6883,37.135685
3037.402,296.25784,2483.849,47.70816,234.44873,44.13821
3277.2263,319.04144,2686.2517,50.697327,255.62656,46.29437
3270.6147,308.15433,2707.7488,50.090225,252.75931,47.011143
3393.7473,319.55032,2815.1,52.07593,264.0638,49.074696
3647.564,345.0495,3021.9941,56.413975,284.00394,53.24497
3786.3125,354.6881,3142.9417,58.505283,292.6168,55.66064
3430.0093,306.72165,2887.6516,52.247658,261.23538,51.71226
3132.4062,274.6657,2653.0298,47.412323,239.19922,47.649204
3033.4622,269.06427,2563.1294,46.04512,233.1525,45.934902
3006.5137,269.50586,2532.0989,45.854954,231.30426,45.44289
2874.643,255.9336,2423.5325,43.621845,220.05508,43.328693
2919.8484,266.1706,2447.8745,44.509243,226.09644,43.364056
2992.8384,304.4364,2444.5464,58.315342,232.41519,59.25354
2922.6362,288.81836,2351.977,48.2864,211.67772,42.877647
2777.4653,295.9924,2258.5664,42.35381,229.65869,33.144844
2741.2961,265.06427,2264.1519,42.60914,217.28554,37.390564
2837.5815,269.0741,2355.66,44.69965,221.90768,40.618355
2794.905,260.80096,2329.8508,43.690834,217.14554,40.137146
2467.5842,334.6715,2118.532,41.45541,247.33017,35.0921
2485.8894,248.21085,2031.3341,40.814175,196.15414,36.44323
2148.1804,201.29578,1840.3632,33.84281,172.0492,33.29505
2162.104,196.01831,1821.5543,34.409355,167.15897,33.42286
2075.7703,186.71625,1747.1991,32.61363,158.32817,31.52619
1947.4138,176.10204,1638.993,30.009472,150.40051,28.471537
1947.3788,179.21353,1633.1274,30.21963,151.99246,28.343954
1968.4962,182.22212,1646.5684,30.738749,153.13182,28.764849
1959.1614,181.43872,1637.4725,30.541311,152.05493,28.505552
2014.7891,189.09256,1678.5876,31.496798,157.48518,29.030401
2112.5112,216.21692,1725.0426,41.221737,165.03516,41.349003
2106.1155,209.99263,1693.6582,34.976063,153.807,30.720657
1943.4167,211.1079,1589.2517,29.943895,163.3082,23.574501
1779.2566,169.87593,1478.432,27.50484,140.70071,24.44806
1598.5779,147.07706,1351.6556,24.776388,125.28852,23.489109
1565.8254,143.85042,1315.7852,24.317398,122.58973,22.776936
1566.8591,144.98509,1312.7235,24.45384,122.34034,22.793633
1495.1947,137.06944,1254.9608,23.132828,116.153465,21.643291
1318.7229,118.72933,1123.6045,20.428095,102.93389,20.02343
1288.436,117.09579,1086.2083,19.905735,100.61963,18.944252
1403.7831,133.2904,1168.4514,22.057915,110.874,20.19653
1447.1221,137.11638,1202.2653,22.727427,113.01948,20.764454
1474.0231,140.37556,1223.2819,22.992317,115.7407,20.743858
1522.2174,145.34242,1262.7064,23.795244,119.757225,21.42437
1567.1206,149.50053,1300.2921,24.498615,123.26382,22.055954
1715.2223,166.41808,1416.8462,27.089285,135.83322,24.06429
1808.3783,185.32895,1476.8676,34.90624,141.77585,34.688652
1879.2937,190.22186,1507.2206,30.950247,139.45761,26.420153
1772.8141,191.61151,1441.3702,26.976501,148.01805,20.557669
1716.6023,167.62016,1416.3075,26.361982,137.43619,22.474703
1570.6698,146.23871,1318.268,24.055542,123.346085,21.957571
1500.7959,138.55716,1260.0437,22.913847,118.28514,20.961462
1471.6376,135.76141,1235.5377,22.61906,115.642914,20.845495
1432.2516,132.07295,1202.0988,21.988228,112.34071,20.2652
1301.5498,116.986755,1099.7002,19.78611,101.13893,18.6788
1285.514,118.6157,1080.0786,19.611029,101.49676,18.0771
1279.1162,118.53703,1072.2477,19.644663,100.52473,18.105528
1247.4374,115.59934,1045.1145,19.081352,97.87996,17.532625
1276.3152,120.47539,1064.266,19.629875,100.95912,17.729803
1265.7203,118.7367,1056.3063,19.434313,99.51149,17.641153
1296.8604,123.20085,1078.9261,19.965063,102.62993,17.88626
1331.3823,126.771545,1106.4637,20.564308,105.20566,18.396608
1367.5087,139.90921,1117.0808,25.864296,107.44629,25.71709
1330.507,132.56972,1070.6622,21.366405,97.81629,18.422508
1277.3687,138.10738,1037.4364,18.981764,107.40633,14.263276
1239.3427,120.72018,1023.2254,18.669943,99.40324,15.985951
1285.7354,123.49076,1065.8206,19.653101,102.16653,17.353619
1237.4707,116.0042,1032.0477,18.727074,97.21786,16.882633
1176.3466,109.220985,984.89935,17.646486,92.714226,16.03138
1163.7058,108.52493,973.9135,17.55116,92.080055,15.968873
1198.4243,113.18101,999.27313,18.232721,95.065315,16.444546
1182.8639,110.68792,987.6876,17.944206,93.06605,16.303307
1310.7196,127.5171,1083.5443,20.154524,105.00362,17.624138
1854.9395,193.24863,1500.9083,29.593658,151.5783,24.206062
2269.9446,233.6426,1836.84,36.123707,181.91302,29.599606
2407.4055,246.33047,1966.3467,44.808388,190.78033,46.059116
2652.838,272.34894,2121.8005,42.618618,201.62088,37.042862
4352.258,486.9406,3429.4639,69.19742,365.39883,53.160652
4207.0684,441.88235,3417.797,64.717285,341.99286,53.545593
4046.2407,406.4001,3330.5432,61.248844,330.19897,52.67147
3785.2722,358.43066,3159.6672,57.2017,302.55695,52.531258
3520.7534,326.70212,2963.9521,53.262768,280.34024,50.441338
3442.6562,317.9806,2890.9453,52.24235,273.5863,49.51513
3318.3093,303.9241,2790.518,50.40138,261.7694,48.226532
2290.5442,213.7,2085.7493,37.799046,194.7569,43.822334
1885.9879,150.1681,1643.9586,29.338657,140.71233,33.007553
1581.1552,135.32527,1380.4938,24.117386,124.61045,26.132719
1409.315,119.977905,1211.9309,21.155973,109.02587,22.241232
1353.2478,120.69311,1148.2827,20.162085,106.73316,20.10866
1256.1597,111.68027,1064.9363,18.660936,98.23601,18.64662
1250.1342,115.01925,1051.0117,18.629465,99.35055,18.021727
1256.6611,128.3651,1026.9128,23.193098,99.49875,24.158806
1313.6589,132.82701,1054.0013,20.877878,98.460785,18.70001
1253.1399,136.22786,1018.83813,18.53066,105.77127,14.814982
1297.3491,132.56294,1060.0828,23.95404,102.74777,24.922935
1247.6482,124.75832,1006.73737,19.746319,92.62146,17.982492
1304.0494,137.36989,1049.9954,19.283928,107.556076,15.437171
1283.5906,125.30916,1057.1074,19.173347,102.76405,17.21852
1232.5353,116.851685,1026.8193,18.403337,97.92989,17.250978
1247.2344,118.294266,1038.0254,18.679293,99.505226,17.499422
1296.3717,123.46542,1077.1619,19.573963,103.22147,18.343447
1342.7751,128.29634,1114.0497,20.30138,106.777916,18.929113
1575.3674,156.46515,1293.2605,24.195343,127.33907,21.742624
1608.3552,155.07475,1328.3732,24.493402,127.22213,22.509714
1709.0985,166.82437,1409.1108,25.94186,137.08481,23.419394
1871.2252,183.52739,1540.8187,28.60513,150.2727,25.779066
1965.4998,190.94394,1621.8748,29.965763,156.88498,27.170515
2012.6405,194.04657,1664.9872,30.516417,160.58472,27.759722
2098.121,202.6195,1736.2151,31.842848,168.04662,28.931692
2003.8988,187.7853,1671.3828,30.11236,158.43231,28.081728
2147.3516,219.75021,1754.2501,39.943077,170.31696,41.142136
2343.544,239.3031,1877.1442,37.724457,177.32024,33.17871
2320.301,247.56326,1877.5734,34.890224,192.38947,27.846495
