Graph Number,Average Node Degree,Unique Degree Count,Degree Centrality,Assortivity Coefficient,Clustering Coefficient,Density,Number of Weakly Connected Components,Number of Strongly Connected Components,Number of Nodes,Number of Edges,Eigenvalue_1,Eigenvalue_2,Eigenvalue_3,Eigenvalue_4,Eigenvalue_5
0,2.022518765638032,12,0.0008437708659315945,-0.26269777687475687,0.0014095048382964145,0.00042188543296579716,1,2394,2398,2425,1.0,-1.0,1.0,-1.0,1.0
1,1.5957446808510638,10,0.004255319148936171,-0.1524861773744985,0.0,0.002127659574468085,83,371,376,300,1.0,-1.0,1.0,-1.0,1.0
2,1.5,9,0.005791505791505792,-0.1618830438702002,0.0,0.0028957528957528956,71,256,260,195,-1.0000000089878023,1.0000000082047036,1.0,-1.0,1.0
3,1.4506437768240343,8,0.006252774900103596,-0.11558192108405868,0.0,0.0031263874500517983,66,231,233,169,1.0,-1.0,1.0,-1.0,0.0
4,1.4936708860759493,7,0.006329113924050633,-0.12437417921903424,0.0,0.0031645569620253164,62,235,237,177,1.0,-1.0,1.0,-1.0,0.0
5,1.5104895104895104,7,0.005299963194700037,-0.16767501272428126,0.00815850815850816,0.0026499815973500184,74,283,286,216,1.0,-1.0,1.0,-1.0,1.0
6,1.558974358974359,9,0.004007646167029201,-0.11824048066174493,0.005982905982905983,0.0020038230835146002,91,386,390,304,1.0,-1.0,1.0,-1.0,1.0
7,1.52734375,10,0.0029889310176125245,-0.1001084989038807,0.008470052083333334,0.0014944655088062623,131,504,512,391,1.0,-1.0,1.0,-1.0,1.0
8,1.5638629283489096,9,0.0024397237571745865,-0.12982638925303985,0.006749827146613505,0.001219861878587293,151,634,642,502,1.0,-1.0,1.0,-1.0,1.0
9,2.1493506493506493,11,0.001746020023842932,-0.41881837055764193,0.025461707126953496,0.000873010011921466,182,1221,1232,1324,1.0000000242629414,1.0,-1.0,1.0,-1.0
10,2.3911792905081497,14,0.001146848580579448,-0.45581886051683135,0.02030660791182293,0.0005734242902897241,248,2063,2086,2494,1.9271419915062473,-1.0000000000000013,-1.0000000000000009,-1.0000000000000004,-1.0000000000000004
11,2.358197358197358,15,0.0009165166568975353,-0.4325227983755042,0.01764735931288467,0.0004582583284487676,327,2535,2574,3035,2.069959995498951,1.4142135623730958,-1.4142135623730934,1.3247179572447458,-1.0000000000000018
12,2.3294450335807704,16,0.0008237075790596786,-0.41101467002822617,0.022793559079423157,0.0004118537895298392,382,2778,2829,3295,2.13698882417353,1.4142135623730954,-1.4142135623730943,1.4142135623730943,-1.4142135623730916
13,2.298119658119658,15,0.0007859506354718394,-0.4025268963291638,0.021591078327038618,0.00039297531773591966,416,2874,2925,3361,2.2145887628965326,1.4142135623730991,-1.4142135623730965,1.414213562373096,-1.414213562373095
14,2.321524064171123,17,0.0007761698643166575,-0.3989829217341711,0.023470765217278172,0.00038808493215832884,412,2940,2992,3473,2.1465712394589542,-1.7320508075688772,1.7320508075688772,-1.4142135623730978,1.4142135623730976
15,2.231878698224852,19,0.0004127757903134551,-0.44335383767706366,0.023710947485505122,0.0002063878951567276,408,5320,5408,6035,2.300168219746771,2.214588762896533,-1.73205080756888,1.732050807568879,1.4422495703074036
16,2.426091353446823,22,0.0004089837075938677,-0.42151964466185327,0.04355004751440255,0.00020449185379693382,424,4529,5933,7197,10.406464126081858,-9.895563410298134,-2.000000000000035,2.0000000000000133,1.4610133932113045
17,2.411808118081181,22,0.0004450651629601737,-0.4100330882342434,0.049167997414264544,0.0002225325814800868,398,4234,5420,6536,11.443400053405991,-11.087152348481961,2.000000000000008,-1.999999999999996,1.6697178829567705
18,2.427347171967244,24,0.0004623518422794752,-0.395747500330851,0.05344121287648681,0.00023117592113973756,357,4131,5251,6373,12.153299220454345,-11.760109221179391,1.9697442823542977,-1.3478455749956884,-1.3478455749956884
19,2.477913991048842,25,0.00048227208856536436,-0.404288436652415,0.05929325399566827,0.00024113604428268218,305,3964,5139,6367,13.022023522260744,-12.62694951940802,2.34402612670654,1.3247179572447438,-1.2938006455057343
20,2.5070038910505836,25,0.0004878388579588604,-0.4081661249736411,0.06076253276126766,0.0002439194289794302,282,3926,5140,6443,13.34844715341159,-12.944473920713317,2.4082315937068333,-1.49273869086764,1.3247179572447567
21,2.4912617630113307,26,0.00047853664291420115,-0.4064612099247864,0.06099414697866279,0.00023926832145710055,308,4001,5207,6486,13.480466468873262,-13.07370253297418,2.4084596770682523,-1.621753805625926,1.61803398874989
22,2.4566437928883342,21,0.0007665035235221013,-0.398532257710104,0.04562086418194567,0.0003832517617610506,440,2103,3206,3938,13.449138708941009,-13.076573221345164,2.064024912641958,1.6180339887499287,1.6180339887499213
23,2.135013501350135,16,0.0009612847822377914,-0.3438680206626409,0.03742150452643865,0.00048064239111889577,381,1848,2222,2372,9.060766852784985,-8.70912832333668,1.571951880919951,-1.0000000000000056,1.0000000000000044
24,2.1372451516658377,15,0.0010633060456048942,-0.3404648861598075,0.03511548075454747,0.0005316530228024472,345,1671,2011,2149,8.596451215306857,-8.264676107949029,1.288770360925092,1.0000000000000064,-1.0000000000000064
25,2.0504484304932737,14,0.0011499991197382355,-0.33148189374662745,0.029336495264171928,0.0005749995598691176,339,1511,1784,1829,7.7572691683495885,-7.435873554238594,1.2795927008005987,1.0000000000000033,-1.0000000000000033
26,1.9776813391196528,14,0.0012268494659551197,-0.30685677202202766,0.029449084826427552,0.0006134247329775598,332,1381,1613,1595,7.1444740534638305,-6.784183197046861,1.0191222116364216,1.0191222116364216,1.0000000000000029
27,1.932717678100264,14,0.0012757212396701412,-0.30340134271047764,0.02891450933775249,0.0006378606198350706,333,1310,1516,1465,6.833889756384703,-6.465186402047419,-1.000000000000006,1.000000000000005,1.0000000000000016
28,1.980092899800929,13,0.0013148027223113738,-0.31930044516864564,0.03738187575088188,0.0006574013611556869,306,1227,1507,1492,6.958196578422317,-6.516630320414761,1.2046996543026687,-1.0000000000000036,-1.000000000000003
29,1.9973474801061009,13,0.001325379880627804,-0.32446331849439003,0.0433261944427331,0.0006626899403139021,288,1233,1508,1506,6.584045775652659,-6.094964871596654,1.3709163582522255,1.2221847973896414,-1.0000000000000084
30,2.009085009733939,12,0.0013046006556713889,-0.3239118240361037,0.05312811060845201,0.0006523003278356944,275,1274,1541,1548,6.432162293774568,-5.79790396716926,1.6092772352545963,1.221661926756032,-1.0000000000000024
31,2.012016021361816,12,0.0013440320783980064,-0.32170430077664003,0.05838400678215666,0.0006720160391990033,263,1233,1498,1507,6.358966544528369,-5.634225404019982,1.5436376637614373,1.0000000000000067,-1.0000000000000029
32,2.043824701195219,13,0.0013580230572725713,-0.32321162065552494,0.06393163959519112,0.0006790115286362854,249,1234,1506,1539,6.5082633043381515,-5.781355281811443,1.7821036366480494,-1.071444686646735,-1.071444686646735
33,2.077117572692794,14,0.001313799856225676,-0.32054428834051285,0.06301822748903196,0.0006568999281128381,234,1306,1582,1643,6.362041744532474,-5.640822618364444,2.1841880601129615,-1.600325991510115,1.4801686087183015
34,2.109433962264151,15,0.0013275229466734745,-0.326150233110574,0.06479440479302162,0.0006637614733367372,220,1308,1590,1677,6.39353929860292,-5.634193536850381,2.228821414742211,-1.653896057198463,1.4801686087183021
35,2.1578255151249452,14,0.0009464146996162041,-0.3801475552401255,0.04982193653361177,0.00047320734980810204,213,1968,2281,2461,7.00431147691843,-6.39288559445517,2.2407054346031483,-1.8392847551646505,1.5396133460819792
36,2.2086239695624603,15,0.0007004833395377291,-0.4277934878352285,0.06124845906958092,0.0003502416697688646,206,2721,3154,3483,7.628128618891179,-6.613505791932746,2.388968154837883,-2.080314099870667,1.9168733256716095
37,2.263578274760383,15,0.0006028171171132845,-0.415758514068931,0.0664188214826331,0.00030140855855664226,185,3162,3756,4251,8.24318041642771,-7.075428200530626,2.506637565608106,-2.3081960557763304,2.1018488330039746
38,2.314650934119961,15,0.0005691298092254637,-0.40414745527657786,0.09440261967707334,0.00028456490461273184,193,3259,4068,4708,9.00790727540911,-7.3679293309477965,2.597000537230643,2.2722851841858063,-2.1183896388242314
39,2.35181236673774,15,0.0005015594725395053,-0.41089697044156615,0.09982157136538268,0.0002507797362697526,196,3708,4690,5515,9.607509852341853,-7.8956022484965365,3.1463098411174637,2.331637179050133,1.7987203115121517
40,2.3550019462826004,16,0.0004584391563719292,-0.42673624806083327,0.09475929046019177,0.0002292195781859646,194,4069,5138,6050,10.09070740103711,-8.453498562789798,2.222632309292373,2.222632309292373,2.0864147572751017
41,2.3600973236009732,16,0.0004418003226508748,-0.4363912165972471,0.09970146299505514,0.00022090016132543741,192,4200,5343,6305,10.311048708241477,-8.577621495173732,2.2022785694125244,1.9822390849005525,1.3032397447058373
42,2.3468634686346865,15,0.00048121047132144496,-0.43434109758323214,0.08851401717046047,0.0002406052356607224,195,3820,4878,5724,9.850618312750605,-8.360836161684215,2.004391239981924,1.8315620011135147,1.0583997905009015
43,2.31842659798642,14,0.0005429570487087635,-0.4627462435443396,0.06373103336836228,0.00027147852435438176,212,3538,4271,4951,9.254989308947355,-8.156354031129748,1.999999999999979,1.876041222991064,1.0339862450642356
44,2.2774597983101663,14,0.0006208996178599144,-0.48112992215674255,0.05058856501852641,0.0003104498089299572,226,3033,3669,4178,8.516554157147532,-7.672523588819302,2.000000000000003,1.6632119481381225,1.3247179572447407
45,2.2398818316100444,13,0.0006619036145419753,-0.5045903449017913,0.043193587203858595,0.00033095180727098764,214,2820,3385,3791,7.580071714688694,-6.886605061706197,1.618033988749895,1.5971774197941566,1.3247179572447343
46,2.185322962461955,14,0.0007392838168003908,-0.4764529610400646,0.03962439067800862,0.0003696419084001953,196,2478,2957,3231,6.242230185275355,-5.37467632335622,1.9338379430626986,1.3247179572447527,-1.0240294675985888
47,2.1623867069486407,11,0.0008169197986205669,-0.45609157353328944,0.04431121170747642,0.00040845989931028343,163,2259,2648,2863,5.5987545755880195,-4.256727960130769,1.7764162900666935,-1.1024201336646313,1.0000000000000016
48,2.1701514059120406,14,0.0007826005791244287,-0.4759256180441626,0.04395655012491562,0.0003913002895622143,152,2468,2774,3010,5.563745458852593,-3.7215699225862235,1.473465385905856,1.0000000000000009,-1.0000000000000009
49,2.1474015748031494,14,0.0006765600424710617,-0.4904703417503196,0.0506256310930239,0.0003382800212355308,155,2859,3175,3409,6.225383704505575,-4.286731488147164,1.4506404439621323,1.000000000000006,-1.0000000000000058
50,2.148973607038123,15,0.0006303824015952255,-0.4913358009368991,0.04322666374367791,0.0003151912007976127,141,3108,3410,3664,6.360804872595392,-4.804915242974487,1.742931063175534,1.133687751475226,1.0000000000000056
51,2.130979498861048,15,0.0006069437478954851,-0.5144154648180099,0.037462843376046065,0.0003034718739477425,137,3217,3512,3742,6.340823314099827,-4.950620327164065,1.7462254890229667,1.14714513761279,1.0000000000000022
52,2.1366742596810933,15,0.0006085657247738802,-0.5352611828112274,0.033751800049342355,0.0003042828623869401,125,3238,3512,3752,6.537865582207056,-5.388584392680358,1.6350415922224029,1.1290585142642162,1.000000000000003
53,2.117397881996974,14,0.000640858923122571,-0.5109881846662263,0.024472346238502612,0.00032042946156128545,134,3090,3305,3499,6.272823165975857,-5.500282551874478,1.4432699121554933,1.000000000000006,-1.0000000000000042
54,2.115820122937561,14,0.0006847314313713791,-0.5156496155929022,0.018485074496855505,0.00034236571568568944,129,2811,3091,3270,6.008386132434805,-5.3298200412763945,1.4142135623730994,-1.414213562373098,1.1695793171808104
55,2.092515983452426,13,0.0007872520629994076,-0.43873805114170333,0.014104426061942206,0.00039362603149970383,128,2442,2659,2782,5.466738312798525,-4.995817319324997,1.414213562373092,-1.4142135623730907,1.1352817181974444
56,2.041346153846154,14,0.000981888481888482,-0.3748436985988324,0.011622644991470062,0.0004909442409442409,132,1932,2080,2123,4.396877458082928,-4.145005669462872,2.3488590374942393,1.4142135623730943,-1.4142135623730916
57,1.9964050329538645,13,0.001196885511363228,-0.3452066060950141,0.017266960480316843,0.0005984427556816141,140,1548,1669,1666,3.8491919044457177,-3.399508508251852,2.363890219860572,-1.4142135623730991,1.4142135623730965
58,1.9974858579509742,13,0.001256280413805644,-0.3350737061976602,0.02139103872258513,0.000628140206902822,137,1476,1591,1589,3.398784006819292,-2.5552526909943865,2.1263112662906023,-1.525628125033417,1.4142135623730978
59,1.9300873907615481,13,0.0012055511497573693,-0.3148040732754136,0.021585785266318155,0.0006027755748786846,175,1552,1602,1546,2.799171088725969,2.601679131883159,-2.2618022452599735,1.266150995574766,1.0000000000000033
60,1.8847371754274858,15,0.001194383507875466,-0.30890677775842623,0.020906679852138912,0.0005971917539377332,201,1527,1579,1488,2.7876988535311034,2.2143197433775375,-1.6751308705666477,-1.0011223109291114,-1.0011223109291114
61,1.8822768434670116,14,0.0012183021640563183,-0.3105610157214328,0.022989549508521785,0.0006091510820281591,203,1489,1546,1455,2.834430838322258,2.214319743377531,-1.6751308705666474,-1.0820134710548959,-1.0820134710548959
62,1.8772378516624042,14,0.0012010478897392222,-0.3151364777181835,0.021978517696708378,0.000600523944869611,217,1494,1564,1468,3.042798644869819,1.7692923542386334,1.3247179572447487,-1.1338609467547198,-1.1338609467547198
63,1.8593436034829203,14,0.001246208849519384,-0.3069138749979781,0.02337964288453734,0.0006231044247596918,220,1424,1493,1388,3.097923509707481,1.5213797068045656,1.3247179572447474,-1.1721589188643837,-1.1721589188643837
64,1.8151137197358767,12,0.0013326826136093074,-0.30211085501769086,0.016292342908164552,0.0006663413068046537,219,1311,1363,1237,2.617859828857091,1.3247179572447765,1.3247179572447134,-1.0790208616233334,-1.0790208616233334
65,1.7333333333333334,13,0.0014103607268782209,-0.29583809877088624,0.006508297503473994,0.0007051803634391104,227,1196,1230,1066,2.1125289590615215,-1.4350037151758404,1.3247179572447463,1.000000000000001,-1.0000000000000007
66,1.685131195335277,14,0.0016392326802872341,-0.2759049663519774,0.008109857547614938,0.0008196163401436172,215,1000,1029,867,2.0770208748371592,-1.1434068055770885,-1.0000000000000007,1.0,-1.0
67,1.680084745762712,13,0.0017816381185182524,-0.2839065661988083,0.006887614741845177,0.0008908190592591261,199,917,944,793,1.6881227128333658,-1.3110610438393133,1.1208680792064956,-1.0000000000000009,1.0000000000000007
68,1.6393063583815028,13,0.0018973453222008135,-0.2907197888343131,0.007516385068885371,0.0009486726611004067,198,835,865,709,1.789535785157499,-1.410255939819866,1.1616668821282046,1.0000000000000018,1.0
69,1.5541069100391134,12,0.0020288601958735166,-0.27939872797951104,0.005713204795219843,0.001014430097936758,195,751,767,596,1.6932720711480047,-1.487756387851989,1.0000000000000004,1.0,-1.0
70,1.5832205683355887,12,0.002145285322947952,-0.29919011069767953,0.008578602089925252,0.001072642661473976,177,720,739,585,1.856039065168528,-1.0000000000000009,1.0000000000000002,-0.9999999999999996,0.9999999999999993
71,1.6328502415458936,12,0.0019744259268995087,-0.31340957164098443,0.010070851260782611,0.0009872129634497543,178,803,828,676,2.0654174922192365,1.0000000000000007,-1.0000000000000004,-0.7943359345795611,-0.7943359345795611
72,1.6689038031319912,11,0.0018688732397894637,-0.32760892952035336,0.008580598353149138,0.0009344366198947319,179,865,894,746,2.395349700114312,-1.706758785044131,-1.0000000000000002,1.0000000000000002,1.0000000000000002
73,1.6868250539956804,12,0.0018235946529683027,-0.3361865252301534,0.00649002989414951,0.0009117973264841516,178,899,926,781,2.1725813503355016,-1.457355462361844,1.0000000000000009,-1.0000000000000004,-1.0000000000000004
74,1.7047817047817049,10,0.0017739663941536993,-0.3633468057810236,0.014913647001335052,0.0008869831970768496,183,924,962,820,2.722257189927614,-2.003633024087117,-1.0000000000000004,0.9999999999999998,0.9999999999999998
75,1.7316561844863732,10,0.0018170579060717452,-0.387721625132008,0.010108316904760129,0.0009085289530358726,170,922,954,826,2.6356882602946645,-2.048397945948624,1.0000000000000013,1.0000000000000013,-1.0000000000000004
76,1.7424547283702214,9,0.0017547378936256007,-0.3974053661682212,0.012045606762238821,0.0008773689468128003,175,957,994,866,2.6184645002674025,-1.854876190002544,1.0000000000000007,-1.0000000000000002,0.912667998750834
77,1.7416073245167853,9,0.001773530880363325,-0.40483316507583483,0.010856236346482334,0.0008867654401816626,175,943,983,856,2.767867753755652,-2.1171163951687313,1.0000000000000002,-0.9999999999999998,-0.9999999999999993
78,1.7355191256830602,10,0.001898817424160898,-0.38577379202091616,0.010204945218769544,0.0009494087120804486,172,872,915,794,2.9411415512989154,-2.2903556929184528,-1.0000000025182585,1.000000000000001,1.0
79,1.7435320584926883,10,0.0019634370028070816,-0.37232889962951626,0.009379140892815028,0.0009817185014035408,168,848,889,775,3.0870421939677324,-2.281848529244482,-0.9999999999999996,0.9999999999999996,-0.9999999999999994
80,1.716500553709856,10,0.001902993961984319,-0.3667014513987998,0.015878662463036278,0.0009514969809921597,189,853,903,775,3.196866303031011,-2.3225506398169764,0.9999999999999998,-0.9999999999999998,0.9194609662027544
81,1.6823104693140793,9,0.0020268800835109395,-0.3197701002161644,0.018459201800377373,0.0010134400417554695,186,786,831,699,2.632185609547592,-1.1291483279086936,-1.0492456574084266,-1.0492456574084266,-1.0000000000000002
82,1.6423173803526447,9,0.002071018134114306,-0.29570439012743416,0.020155490928718135,0.001035509067057153,189,764,794,652,2.3993763843374674,-1.0000000000000009,1.0000000000000004,-0.7631535465292156,-0.7631535465292156
83,1.6028169014084508,9,0.0022606726395041615,-0.2643740946452072,0.02207554897837258,0.001130336319752081,179,673,710,569,2.57537857459853,-1.055086591401753,-1.055086591401753,1.0000000000000013,-1.000000000000001
84,1.569364161849711,9,0.0022711492935596394,-0.2717673954553861,0.0226508791820486,0.00113557464677982,181,659,692,543,2.382356999649348,-0.8341645962707379,-0.8341645962707379,-0.6256271410014255,-0.1391134013247949
85,1.588317107093185,8,0.0022121408176785312,-0.2991792351736841,0.020413103625953083,0.0011060704088392654,182,680,719,571,2.7218702863994624,-1.1880937792853623,-1.1880937792853623,-0.12694760830938745,-0.12694760830938745
86,1.6253369272237197,10,0.0021934371487499593,-0.3099362809484811,0.025846820156900357,0.0010967185743749794,176,699,742,603,2.816408891751278,-1.2169306406270528,-1.2169306406270528,-0.25308720389547074,-0.25308720389547074
87,1.7104194857916102,11,0.0023176415796634284,-0.32108789419208755,0.016928743132275516,0.0011588207898317142,151,708,739,632,2.4816518819101336,-1.3183981470837918,-1.3183981470837918,0.21562606176963334,0.21562606176963334
88,1.7876344086021505,11,0.002405968248455115,-0.36519054847449345,0.005828352615181811,0.0012029841242275575,137,719,744,665,2.087735602254096,-1.4789183721346886,-1.4789183721346886,0.44363446493629566,0.44363446493629566
89,1.8232044198895028,11,0.0025217211893354113,-0.39030627522913997,0.003226675613962552,0.0012608605946677059,130,703,724,660,1.8737037170921935,-1.4544809918310033,-1.4544809918310033,1.0000000000000013,-1.0000000000000007
90,1.8858695652173914,12,0.0025658089322685594,-0.40010687673959155,0.001360500488180312,0.00128290446613428,127,709,736,694,2.0392112590104245,-1.332046988758866,-1.332046988758866,-1.0000000000000004,1.0000000000000004
91,2.0440324449594436,12,0.002371267337539958,-0.38605680649500534,0.00796045284545724,0.001185633668769979,113,736,863,882,3.479998217730577,-2.4728485635007047,-1.1049865628093039,1.000000000000002,-1.000000000000002
92,2.11368909512761,12,0.0024549234554327643,-0.3799311900614659,0.008357651372205892,0.0012274617277163822,104,714,862,911,3.750327247284388,-2.8189486143061755,1.0853347994758544,1.0853347994758544,-1.0359345353802822
93,2.1536842105263156,12,0.0022694248793744104,-0.3909044078666464,0.01828627766290709,0.0011347124396872054,118,846,950,1023,4.815443267258052,-3.882917663674871,-1.0000000000000004,-1.0000000000000002,1.0000000000000002
94,2.0843621399176953,12,0.002146613944302467,-0.378752603859477,0.019522704478793885,0.0010733069721512334,138,874,972,1013,4.846654134778408,-3.9579797599646493,1.0000000000000007,-1.0000000000000004,-0.7585507382056307
95,2.0357852882703775,11,0.0020256570032541068,-0.3754215044446621,0.02340416998980046,0.0010128285016270536,155,900,1006,1024,5.104072196767769,-4.267287831184378,1.0000000000000007,1.0000000000000002,-1.0000000000000002
96,2.0167910447761193,11,0.0018830915450757416,-0.3666892355556079,0.025854187894428195,0.0009415457725378708,167,961,1072,1081,5.143549311896243,-4.2326946517299975,-1.000000000000002,1.0000000000000018,-1.0000000000000002
97,1.9665198237885462,11,0.0017341444654219984,-0.3543935496177803,0.0220480999489467,0.0008670722327109992,187,1026,1135,1116,5.1709047908992325,-4.324810755825714,-1.0000000000000009,-1.0000000000000009,1.0000000000000007
98,1.8766859344894027,11,0.0018097260699029922,-0.3378207365340503,0.021987713153174288,0.000904863034951496,196,947,1038,974,4.646064510669987,-3.774631770140624,-1.0000000000000016,1.0000000000000013,-1.0000000000000013
99,1.7807183364839319,12,0.0016846909522080721,-0.3113034172899955,0.022689857165938566,0.000842345476104036,226,975,1058,942,4.519220058019339,-3.752033385166337,-1.0314985652365058,1.0000000000000013,-1.0000000000000013
100,1.7212003872216843,11,0.0016678298325791517,-0.27466350069244855,0.02146464409711636,0.0008339149162895757,234,958,1033,889,3.6209174407756795,-3.0697771959789146,-1.0138745360121517,1.0,-1.0
101,1.8311111111111111,12,0.0016291024120205612,-0.3066837676409261,0.025075108005756172,0.0008145512060102807,225,1019,1125,1030,4.591924318962336,-3.9928493040852673,-1.005186327830245,1.000000000000002,-1.0000000000000009
102,1.9562157935887412,11,0.0015306852844982326,-0.35162877099342993,0.035359575531076735,0.0007653426422491163,214,1116,1279,1251,5.3180418450790095,-4.717110566018107,-1.0077782278335508,-1.0000000000000007,1.0000000000000002
103,2.02455871066769,11,0.0015549606072716511,-0.3773349294391009,0.04253093286310963,0.0007774803036358257,190,1107,1303,1319,5.429678006495033,-4.70433274941817,1.0000000000000013,-1.0000000000000013,-0.887524135513009
104,2.0415175375805297,11,0.0014624051128800354,-0.40024935286408575,0.04842612659969415,0.0007312025564400178,195,1180,1397,1426,5.6984731666936534,-4.90994202574512,1.0000000000000029,-1.0000000000000029,-0.6189467328126066
105,2.0918774966711053,13,0.0013936558938515027,-0.41103310088424994,0.051565434127012914,0.0006968279469257513,192,1244,1502,1571,6.236919338707084,-5.4960388824675,1.0196450292256494,1.0,-0.9999999999999992
106,2.1202815099168264,13,0.0013574145389992486,-0.4250688733621525,0.04411608876205691,0.0006787072694996244,186,1299,1563,1657,6.090581595941987,-5.386072994471542,1.445874218375324,1.0000000000000033,-1.0000000000000029
107,2.1193072482360487,13,0.001360274228649582,-0.4285792356866709,0.03637787330415242,0.000680137114324791,185,1297,1559,1652,5.794663217763716,-5.102452058896286,1.4421324931297212,1.0000000000000002,-1.0
108,1.763573883161512,15,0.0006062474675701313,-0.2816967367062822,0.021405714339560084,0.0003031237337850657,650,2629,2910,2566,5.6671843888183,-4.848450647717489,1.4823280649960335,-1.004214702284089,-1.004214702284089
109,1.76458902408741,16,0.00043829831696160214,-0.2881988404570435,0.012805686605107511,0.00021914915848080104,745,3815,4027,3553,5.140871092603452,-4.384422916129799,1.5075958922675332,1.0315647042813347,1.0000000000000022
110,1.738669238187078,18,0.0004192595221092544,-0.2651224986949502,0.013004930148689834,0.00020962976105462722,817,3945,4148,3606,5.130432000273622,-4.366530314853284,1.4503827710640549,1.0000000000000024,-1.0000000000000022
111,1.7210206561360875,18,0.0004183326825804782,-0.25940545050886854,0.011929935942923093,0.00020916634129023912,847,3925,4115,3541,5.0632700633266845,-4.30640050213451,1.2965235569171585,1.0000000000000027,-1.0000000000000024
112,1.6931734768779056,18,0.00041438411083649185,-0.24549746588163476,0.009551537428438206,0.0002071920554182459,880,3919,4087,3460,4.788757822363726,-4.023375671271517,1.1316243513441107,-1.0300073488438042,-1.0300073488438042
113,1.6690089653501332,17,0.0004045101709525287,-0.2369741221492085,0.008740798600462143,0.00020225508547626434,910,3954,4127,3444,4.133316293399873,-3.3326994068652036,-1.2039292859966666,-1.2039292859966666,1.1353603675188315
114,1.658936519091122,17,0.0003886917804805816,-0.2231353880455449,0.009027865327642508,0.00019434589024029078,961,4102,4269,3541,3.967119725519058,-2.9176699552058203,-1.2030590852408993,-1.2030590852408993,1.1671593881324496
115,1.7489823609226594,15,0.0005934789144630674,-0.2242909777505336,0.006514966777219083,0.0002967394572315337,535,2874,2948,2578,2.851317425624331,-1.8145794748112103,-1.8145794748112103,-1.6712494145878565,1.6099187350785484
116,1.612290502793296,17,0.0009012244286155934,-0.25892197666987204,0.010580802969250156,0.0004506122143077966,510,1752,1790,1443,3.058658176649368,-2.1111222187023255,-1.0666913063924084,1.0000000000000004,-1.0000000000000004
117,1.5531019978969505,15,0.000816992108309811,-0.2487768018000654,0.007208901689143066,0.00040849605415490544,562,1822,1902,1477,3.560360004205392,-2.007863625732364,-2.007863625732364,1.4873110215351895,-1.3783907311667325
118,1.5701799485861183,14,0.0008077057348694025,-0.2543635202902746,0.009111959315102012,0.00040385286743470117,565,1832,1945,1527,4.004008210351278,-2.795246983954788,-1.6738421530312797,-1.6738421530312797,1.5967995959755246
119,1.5544455544455544,15,0.0007768343600427557,-0.25330664777646006,0.0070879275107967555,0.0003884171800213779,579,1897,2002,1556,3.8147103541005656,-2.899200675062388,-1.5487345210750314,-1.5487345210750314,1.4867928127678711
120,1.5245170876671619,14,0.0007554594091512198,-0.2569207741625098,0.007203155603695206,0.00037772970457561,603,1916,2019,1539,3.6372142045996934,-3.025696348331723,-1.2936365397418865,1.0,-0.8427222887805007
121,1.5211665098777045,14,0.000715843063471861,-0.2425018124504567,0.006029205381635357,0.0003579215317359305,642,2020,2126,1617,3.9174008071336077,-3.5366226185600174,-1.0000000000000009,0.9999999999999997,0.718677093949164
122,1.5288640595903167,12,0.0007120931809922295,-0.24984234364508293,0.005344859236178642,0.00035604659049611473,638,2047,2148,1642,3.7493855526787523,-3.247697009876815,-1.019922598683046,-1.019922598683046,-1.0000000000000016
123,1.5107778819119024,13,0.0007082878021152849,-0.24355379684858722,0.005566804324525828,0.0003541439010576424,642,2040,2134,1612,3.606390880515941,-2.908840106293277,-1.7089870334097579,1.2093272384388463,-1.0000000000000013
124,1.5551312649164677,13,0.0007426605849648844,-0.24087665597133803,0.007244668489481372,0.00037133029248244214,610,1984,2095,1629,3.3840649109146255,-2.7262095434568545,-1.2000644356139205,-1.2000644356139205,1.1141911768673032
125,1.5912339209147213,14,0.0007584527745065402,-0.2707377691859408,0.006752611054306332,0.00037922638725327006,586,1998,2099,1670,2.6726714354781906,-1.775557211513708,-1.775557211513708,1.181842499483057,-1.000000000000001
126,1.6031746031746033,14,0.00079562015045886,-0.2812351322376368,0.007328661654804876,0.00039781007522943007,550,1922,2016,1616,2.7896321548812355,-1.939656038235158,-1.939656038235158,1.0288902274587932,-1.0000000000000004
127,1.5884244372990353,14,0.0007299744656705126,-0.2834467309550834,0.005606290449153585,0.0003649872328352563,594,2089,2177,1729,2.8285257797761005,-1.912020889820937,-1.912020889820937,1.1216715071810526,1.0000000000000002
128,1.5436849253055682,15,0.0006991326654463624,-0.2676677807107141,0.0046039114193153095,0.0003495663327231812,627,2139,2209,1705,3.5163670056899425,-2.6481565178122772,-2.0200269301949243,1.059833164555383,1.0000000000000004
129,1.5432098765432098,15,0.0006353272443570233,-0.2722079981235835,0.003431007280393278,0.0003176636221785117,672,2360,2430,1875,3.5642101546057186,-2.9952448866811614,-1.5445090804768937,1.0,-1.0
130,1.7766922540125611,15,0.0006201369123953093,-0.36153677762489805,0.005120027376857807,0.0003100684561976546,544,2701,2866,2546,5.909139971896512,-5.685392844906053,-1.3309048131129417,-1.000000000000002,1.0000000000000018
131,1.9594832648267764,14,0.0005754723244718871,-0.45101658265420347,0.005306130266771066,0.00028773616223594367,371,3167,3406,3337,5.990294831899308,-5.718363607470324,-1.5961218043482883,-1.0000000000000104,1.0000000000000049
132,1.9557882489819662,13,0.0005690393508821548,-0.47081602369161757,0.006137745641702762,0.0002845196754410774,389,3172,3438,3362,6.275214157029765,-5.864376925290727,-1.8900014749154277,1.00000000000001,-1.0000000000000089
133,1.9580568091319352,12,0.0005199301139490003,-0.45135141814008195,0.007301070959848804,0.00025996505697450017,452,3452,3767,3688,6.770417657685357,-6.3050615178663305,-1.8364388875436546,1.0000000000000007,-1.0000000000000004
134,1.9651193989804132,12,0.0005274072461031705,-0.45716977396871683,0.005724527412699793,0.00026370362305158527,424,3420,3727,3662,6.702636870179457,-6.248506616610802,-2.007960906019194,1.000000000000003,-1.000000000000002
135,1.9817830527187414,11,0.0005471515882713257,-0.48704807059491884,0.0036809122001934106,0.0002735757941356628,385,3326,3623,3590,6.7928821606443845,-6.465017346447099,-1.6192650233089254,1.0,-1.0
136,1.9566137566137567,12,0.0005177596603899859,-0.4891259155775222,0.006570522061972442,0.00025887983019499294,431,3489,3780,3698,6.435569101434055,-5.987235722353471,-1.977250556066898,1.0418995467030905,1.0418995467030905
137,1.9619565217391304,12,0.0005925570890181607,-0.4562397297376212,0.007700040052652984,0.00029627854450908043,440,2980,3312,3249,6.956528530651818,-6.542209173152899,-1.7275679937902042,-1.7275679937902042,1.4906556810830465
138,1.9403314917127072,13,0.0007149342268654044,-0.34970266056097726,0.009393145488000944,0.0003574671134327021,508,2332,2715,2634,8.258618398360124,-8.021462166762792,-1.657828554722827,-1.381885473132106,1.3786871493338069
139,1.9109540636042404,13,0.0006754874738791942,-0.3456385095419964,0.011543555212073748,0.00033774373693959707,553,2443,2830,2704,8.37442130208054,-8.181997610358575,-1.5061164668263538,-1.5061164668263538,1.4345577009634656
140,1.9194277108433735,13,0.0007229482903364872,-0.3517223699746139,0.014181788894841724,0.0003614741451682436,525,2279,2656,2549,9.094290623801498,-8.975570640280424,1.2641962931207533,-1.2422332807523433,-1.2422332807523433
141,1.939992940345923,14,0.0006850257557718656,-0.3602390041825475,0.012589762810237376,0.00034251287788593273,556,2407,2833,2748,9.598185456599996,-9.501895455037145,1.3482343009574191,-1.2647257132203729,-1.2647257132203729
142,1.9422608695652175,14,0.0006758040603915162,-0.36985550238771914,0.009971055634650545,0.00033790203019575806,562,2441,2875,2792,9.643995263939509,-9.561226793043174,-1.226360392309444,-1.0000000000000024,1.0000000000000022
143,1.9567648155050317,13,0.000729591653805008,-0.37841698119139827,0.007205893347508464,0.00036479582690250405,515,2256,2683,2625,9.58809490835358,-9.519310144927221,-1.3959079311704634,1.019269070252586,1.019269070252586
144,1.9642995731470703,13,0.0007625386541719992,-0.37843730753328014,0.007891220595671251,0.00038126932708599967,479,2175,2577,2531,9.202699467347985,-9.117052653951326,-1.2293682221748379,1.0040233514093138,1.0040233514093138
145,1.9770700636942675,13,0.0008398768324954407,-0.3896587771061031,0.006653284103798604,0.0004199384162477204,426,1982,2355,2328,8.640147574156293,-8.526794297585049,-1.4260364192523807,1.0713117496482818,1.0713117496482818
146,1.9776014932337844,13,0.0009232499968411691,-0.40044605075660167,0.005910771139430905,0.0004616249984205846,377,1807,2143,2119,8.33003463161845,-8.236666203612323,-1.5876592738729547,1.1230877240383463,1.1230877240383463
147,1.9438423645320198,12,0.0009580297508782749,-0.4098454843564004,0.005582974904703147,0.0004790148754391374,369,1733,2030,1973,7.797681208357373,-7.7195293663528215,-1.0626868122491204,1.0,0.8438525383452404
148,1.956546598056032,11,0.0011193058341281647,-0.41472561301216315,0.008958374442884037,0.0005596529170640823,315,1486,1749,1711,7.532982889575233,-7.23930223858727,1.0,0.9442477327417216,-0.8016536582760048
149,1.9400977995110025,12,0.0011866041587223256,-0.4091367190153022,0.00876216942493138,0.0005933020793611628,293,1402,1636,1587,7.250856562203967,-6.931697385058147,1.0,0.9620798025046243,-0.7441401952163655
150,1.9517906336088153,12,0.0013451348267462544,-0.41006346506825525,0.0074622283729445255,0.0006725674133731273,258,1244,1452,1417,6.786867510176299,-6.425075963144043,-1.0410804726917575,1.0,0.8019389726101223
151,1.9646687697160883,13,0.001240321193002581,-0.39841377847938464,0.010411298692153728,0.0006201605965012906,292,1344,1585,1557,7.22263066467604,-6.934941630490099,1.0,-0.6723364699721966,-0.6723364699721966
152,1.9848389134554643,13,0.0012546390097695733,-0.38829044090210707,0.011266978330002857,0.0006273195048847864,289,1328,1583,1571,7.838935215676354,-7.576027537087272,1.2326288054369476,-1.014450551868605,1.0
153,1.978072706289671,13,0.0011420743107908033,-0.38067456941877936,0.00915651661527332,0.0005710371553954016,315,1465,1733,1714,7.818271153269442,-7.484678462042605,-1.4201495198948388,1.0953617437814878,1.0
154,1.9636963696369636,13,0.001080735481363216,-0.36380388935143304,0.011112222483529978,0.0005403677406816081,329,1549,1818,1785,7.728545071575989,-7.409286885138921,1.3977303674381905,-1.217674966144878,1.0
155,1.9367875647668393,13,0.001004037099412566,-0.3528125239837769,0.00792773829115008,0.0005020185497062829,351,1662,1930,1869,7.484292495265018,-7.376099873497358,1.4415345502367958,1.0,-0.9595952607977096
156,1.9603864734299516,13,0.0009475043370855255,-0.3689093211833052,0.008035691335051132,0.0004737521685427626,372,1763,2070,2029,8.312744210833056,-8.227849810103237,1.2704922005798798,-1.0816674918046087,1.0
157,1.9586206896551723,14,0.0008445971063627308,-0.3804355320618846,0.007816313311469153,0.00042229855318136534,416,1977,2320,2272,9.043905122212891,-8.963877252604226,-1.050263860493245,1.0000000000000029,1.0000000000000029
158,1.9112294718153573,13,0.0008486809377510468,-0.361390598146527,0.008877376737560784,0.00042434046887552336,425,1949,2253,2153,8.641985857578142,-8.552359776771999,-1.0000000000000022,1.0,0.9999999999999927
159,1.8686695278969958,12,0.0008023484447818788,-0.3503668561146496,0.010014700134757075,0.0004011742223909394,461,2043,2330,2177,8.24355823930366,-8.144095143316282,1.093177114986269,-1.0321963247991637,-1.0000000000000007
160,1.8586816027574322,12,0.0008011558632575137,-0.33880540929507214,0.00947909975614184,0.00040057793162875694,458,2050,2321,2157,7.74471746122747,-7.637401988515985,1.1203158788607082,-1.0555528651193464,1.000000000000002
161,1.8844483058210253,14,0.0008189692767583771,-0.34027416551404016,0.011568294082188143,0.00040948463837918843,438,2017,2302,2169,7.6800112444950335,-7.527158026046163,1.0670424877332128,-1.0028927476239078,-1.0000000000000002
162,1.8835978835978835,16,0.0008308768785169313,-0.33738454910691046,0.013258417526979387,0.0004154384392584657,429,1990,2268,2136,6.753236798705347,-6.53687774913897,-1.0000000000000004,-1.0000000000000002,1.0000000000000002
163,1.8779692594317652,15,0.0008751021712170386,-0.3131544731349478,0.016934624464043768,0.0004375510856085194,414,1906,2147,2016,6.593072590937298,-6.094227199915184,1.2988039603608246,-1.000000000000001,-1.0000000000000009
164,1.838560411311054,13,0.0009457615284521885,-0.2861071779217593,0.021155425731005605,0.00047288076422609415,391,1757,1945,1788,5.763201401094472,-5.156363835418887,1.1330478070267813,-1.0000000000000033,1.0000000000000004
165,1.8527946873270613,14,0.0010259106795830904,-0.31863201958402554,0.019602434043220502,0.0005129553397915452,365,1622,1807,1674,5.4206140115429875,-4.312442345577062,-1.9762487297900373,-1.000000000000002,1.0000000000000018
166,1.8620689655172413,15,0.0010889292196007258,-0.35321582744424473,0.017778036999701895,0.000544464609800363,336,1540,1711,1593,5.033834430424612,-3.6677153910572873,-2.0608125346392896,1.0994024119650583,1.000000000000001
167,1.870063694267516,15,0.001191882532993955,-0.37063053149425873,0.014658608031425198,0.0005959412664969777,311,1426,1570,1468,5.231345898165277,-3.1699698784607113,-3.1699698784607113,1.2426602187589502,0.9999999999999991
168,1.881035689293212,15,0.0013172518832585518,-0.3716744578090368,0.017761060885088453,0.0006586259416292759,288,1298,1429,1344,5.053447027490562,-3.0749463046580283,-3.0749463046580283,-1.0000000000000002,1.0
169,1.9258720930232558,15,0.0014006342494714587,-0.39440754145218565,0.016919469028856694,0.0007003171247357293,261,1245,1376,1325,5.771912426927919,-4.2717862120960355,-2.6273477865975225,0.8011040981749882,-0.7859976083515088
170,1.9776286353467563,16,0.0014758422651841463,-0.412141911110727,0.020269405921743266,0.0007379211325920732,239,1198,1341,1326,5.781825048269097,-4.464999876698815,-2.331681183074964,0.9844797056962951,-0.9273627297712791
171,2.043921568627451,17,0.0016043340413088316,-0.41665991435558614,0.013763757134197948,0.0008021670206544156,203,1107,1275,1303,5.650405929276907,-4.077945963746266,-2.655188492430889,-1.044496758058765,1.033863493157831
172,2.0687547746371275,16,0.0015816168001812902,-0.41645501060466017,0.01498515926127995,0.0007908084000906451,198,1133,1309,1354,5.545018951360134,-3.903031736294058,-2.699083090839382,0.8496069974970735,0.8496069974970735
173,2.0866141732283463,17,0.0016442980088481848,-0.4309050543845229,0.02014396148250573,0.0008221490044240924,189,1091,1270,1325,5.434693763236519,-3.3242184352188744,-3.3242184352188744,1.0129704186622777,-0.9908140090088687
174,2.1538461538461537,17,0.0017640017640017645,-0.46718798378117665,0.01861669776263561,0.000882000882000882,169,1011,1222,1316,5.719982299577599,-4.140822946857892,-2.4729997610212044,0.5004814746559832,0.5004814746559832
175,2.1719532554257097,14,0.0018144972894116203,-0.47967065264383174,0.017987921404562134,0.0009072486447058102,161,991,1198,1301,5.665099237108461,-3.4133561839495163,-3.4133561839495163,0.5891405610359056,0.5891405610359056
176,2.123748862602366,15,0.0019341975069238307,-0.47464390976133425,0.018397444675402753,0.0009670987534619151,162,917,1099,1167,5.141094503611113,-3.1923470399188334,-3.1923470399188334,0.518473912477024,0.518473912477024
177,2.0977443609022557,15,0.001973418966041633,-0.4558063991540774,0.016402489566126555,0.0009867094830208164,164,895,1064,1116,5.294678041335789,-3.6439099782410276,-2.760723720509564,0.47904635667783285,0.47904635667783285
178,2.122167487684729,14,0.002092867344856735,-0.4612924068135297,0.01752489975353509,0.0010464336724283674,157,851,1015,1077,5.265743279024514,-3.2913829835214052,-3.1767266547193604,0.49360604305602707,0.49360604305602707
179,2.1533546325878596,14,0.002295687241564882,-0.4802345259331075,0.014259667290603437,0.001147843620782441,136,798,939,1011,5.903430385381597,-3.5164230025453493,-3.5164230025453493,-1.0000000000000002,-1.0
180,2.1736263736263735,12,0.002391228133802391,-0.4686621356235385,0.013980951632038257,0.0011956140669011955,130,762,910,989,5.931555720140023,-3.572490236529092,-3.572490236529092,1.0000000000000004,1.0000000000000004
181,2.2022222222222223,12,0.0024496353973550854,-0.45345413914061844,0.016357375732635543,0.001224817698677543,128,743,900,991,5.926350343154226,-3.6342986275008586,-3.6342986275008586,-1.0000000000000002,-1.0000000000000002
182,2.169642857142857,14,0.002424181963288109,-0.4485984951834132,0.019407768210661487,0.0012120909816440543,135,747,896,972,5.841265086644607,-3.667806722439456,-3.667806722439456,1.0000000000000022,-1.0000000000000013
183,2.146017699115044,14,0.002376542302452984,-0.44659962839113737,0.020049301699723594,0.001188271151226492,145,758,904,970,5.817451204939174,-3.6201616035459248,-3.6201616035459248,1.0000000000000009,-1.0000000000000007
184,2.0928652321630805,14,0.002372863075014831,-0.4393478427601491,0.01867449438710597,0.0011864315375074153,154,749,883,924,5.368178033989115,-3.475006963636223,-3.475006963636223,1.6180339887499002,1.0000000000000029
185,2.0670391061452515,14,0.002312124279804531,-0.45659652071836654,0.0184942999700804,0.0011560621399022658,154,768,895,925,5.211920361181248,-3.3099396916408548,-3.3099396916408548,1.618033988749894,-1.0000000000000027
186,2.016073478760046,13,0.0023173258376552254,-0.43091921917914044,0.020113175391285237,0.0011586629188276125,155,809,871,878,4.270665430690779,-2.989493897710526,-2.3807585638800006,1.000000000000001,-1.0000000000000007
187,1.9754299754299753,14,0.002429803167810548,-0.3936039592802144,0.01931477901795263,0.001214901583905274,143,762,814,804,3.9093267303546115,-2.948683301687663,-1.8826454502836882,1.0000000000000009,-1.0000000000000007
188,1.910878112712975,13,0.0025077140586784448,-0.34716211012471254,0.01820666718720859,0.0012538570293392226,142,726,763,729,3.591154898616019,-3.0059918969938173,-1.2112374948006197,1.0,1.0
189,1.946629213483146,14,0.0027378751244488695,-0.3475057547082875,0.01614199121267538,0.0013689375622244347,127,676,712,693,3.509969779380905,-2.782758200246383,-1.4702145042884918,1.000000000000002,-1.0000000000000016
190,2.0115107913669066,16,0.0028984305351108155,-0.3560327017919497,0.016296507653093012,0.0014492152675554082,105,656,695,699,3.549265649642045,-2.647815340135532,-1.6473960825605243,1.0000000000000009,-1.0000000000000007
191,2.0520673813169985,15,0.0031473426093818996,-0.37102648894342033,0.02236201164796722,0.0015736713046909498,91,614,653,670,3.4195165491941473,-2.5207766851467084,-1.6357463703017519,-1.0000000000000013,1.000000000000001
192,2.00355871886121,15,0.003571405915973635,-0.35593755607068017,0.023697422988755434,0.0017857029579868183,86,533,562,563,3.103293131200462,-2.250396836161023,-1.4518635417683257,-1.0000000000000024,1.0000000000000004
193,1.9770992366412214,16,0.003780304467765242,-0.366257153905703,0.02287081862359425,0.0018901522338826207,83,497,524,518,2.61387226310292,-1.6331606495574726,-1.6331606495574726,1.0000000000000018,-1.000000000000001
194,2.043875685557587,16,0.0037433620614607814,-0.40723540824765486,0.01858839850199678,0.001871681030730391,82,515,547,559,2.831570195777696,-1.742263205429187,-1.742263205429187,1.000000000000001,-0.9999999999999992
195,2.1226053639846745,15,0.004074098587302637,-0.45583890850836356,0.007674352017969683,0.002037049293651319,69,503,522,554,2.4341953987208718,-2.347685846984875,1.0000000000000018,-0.9999999999999993,-0.04521124464306303
196,2.10337972166998,15,0.0041899994455577285,-0.4578496847553935,0.00796496376530049,0.0020949997227788647,67,485,503,529,2.6276971858961593,-2.566484165157113,-0.9999999999999999,0.9999999999999999,0.0623633335248548
197,2.0669642857142856,12,0.0046240811760945985,-0.4723857476137749,0.0,0.0023120405880472997,67,426,448,463,2.508927498881775,-2.4938730570333645,-0.019756683571119836,-0.019756683571119836,0.01222946264691449
198,2.0835266821345706,13,0.004845410888685047,-0.4642503641493115,0.0,0.002422705444342524,66,407,431,449,2.592862578595823,-2.552865140618565,-0.05096157144956576,-0.05096157144956576,0.03096285246093644
199,2.135135135135135,13,0.004819718138002563,-0.4648448196986291,0.0030057496520911153,0.002409859069001281,63,418,444,474,2.6680502259486545,-2.608192680684118,-0.07453985013131195,-0.07453985013131195,0.04461107749904286
200,2.131455399061033,12,0.0050151891742612545,-0.4576018893039913,0.008610061452727203,0.002507594587130627,62,399,426,454,-2.699774573958239,2.6997745739582335,0.9999999999999999,-0.5000000000000002,-0.5000000000000002
201,2.0844327176781,14,0.005514372268989684,-0.43222249415582686,0.006156552330694811,0.0027571861344948415,57,353,379,395,2.497713377341938,-2.497713377341938,1.0000000000000004,-0.49999999999999983,-0.49999999999999983
202,2.062146892655367,12,0.0058417758998735615,-0.39932889768127877,0.005838041431261771,0.0029208879499367808,57,327,354,365,2.616370999170833,-2.616370999170833,1.0,-0.4999999999999999,-0.4999999999999999
203,2.0097847358121332,13,0.0019684473416377406,-0.3686818148657922,0.0020035411424843908,0.0009842236708188703,61,996,1022,1027,2.471470904294063,-2.4714709042940624,1.0,-0.500000000000001,-0.500000000000001
204,2.0113636363636362,14,0.0019065058164584234,-0.38265806917680695,0.0019202441077441077,0.0009532529082292116,71,1036,1056,1062,2.4828237961983888,-2.482823796198385,1.0000000000000033,-0.5000000000000009,-0.5000000000000009
205,2.029739776951673,16,0.0018881300250713237,-0.38598728739925664,0.0018706510342198074,0.0009440650125356618,69,1044,1076,1092,2.716890552818435,-2.628782724863607,0.9436759628514024,-0.5594771690650944,-0.5594771690650944
206,2.0206572769953053,14,0.001899113982138445,-0.38261374477854454,0.0018899723125075237,0.0009495569910692224,67,1043,1065,1076,2.2795070569547793,-2.2795070569547775,1.0000000000000009,-0.5000000000000001,-0.5000000000000001
207,2.062043795620438,15,0.0018831450188314506,-0.3888668362499895,0.0,0.0009415725094157251,66,1074,1096,1130,2.359611061770567,-2.3596110617705643,9.159339953157541e-16,9.159339953157541e-16,0.0
208,2.0934411500449235,15,0.001882590962270615,-0.3888144900538532,0.0,0.0009412954811353074,63,1086,1113,1165,-3.2189348333972245,3.218934833397224,2.775557561562903e-17,-1.2120337804265365e-31,5.327328803228738e-34
209,2.1,14,0.001910828025477707,-0.40673271123515464,0.0,0.0009554140127388535,61,1073,1100,1155,3.344963252894712,-3.3449632528947113,-8.696195256807209e-77,0.0,0.0
210,2.1780821917808217,14,0.0024892367906066536,-0.5753912366911158,0.0,0.0012446183953033268,68,794,876,954,4.524565299416515,-4.524565299416513,7.977289298561707e-16,5.779841531124623e-16,-4.440892098500625e-16
211,2.171306209850107,15,0.0023272306643623876,-0.5812789890033359,0.004725364162482248,0.0011636153321811936,72,830,934,1014,4.800331697867585,-4.338394383262768,-0.9554818586721159,-0.39150033034718934,0.3336671174431979
212,2.1658031088082903,14,0.0022466837228301757,-0.5913228932982341,0.006242726373474889,0.0011233418614150883,72,865,965,1045,4.915781558585074,-4.019033277156469,-1.835465091788998,0.48743230902234,0.48743230902234
213,2.149551345962114,16,0.002145260824313487,-0.5927354918697133,0.007566690202762512,0.0010726304121567434,78,903,1003,1078,4.96840669200157,-4.275128263163224,-1.471586880806233,0.40442423946093,0.40442423946093
214,2.137176938369781,15,0.0021265442172833642,-0.5841639064537749,0.01256485623653831,0.0010632721086416823,83,906,1006,1075,4.929216192843995,-3.8304520047594144,-2.104565145575806,0.5000586691426112,0.5000586691426112
215,2.1515748031496065,16,0.0021197781311818775,-0.5791233779139785,0.014047761832876648,0.001059889065590939,86,913,1016,1093,4.889432519921755,-3.006420231890906,-3.006420231890906,0.5843786802748934,0.5843786802748934
216,2.1503461918892186,17,0.0021290556355338802,-0.5801210586040473,0.015495794647669653,0.00106452781776694,80,912,1011,1087,4.597830310668653,-2.930942902194546,-2.930942902194546,0.6758280589319874,0.6758280589319874
217,2.162257495590829,16,0.0038202429250721362,-0.4384299580305649,0.03562980733151148,0.001910121462536068,73,521,567,613,3.622982111791366,-2.2277980902468606,-2.2277980902468606,0.4545547000980697,0.4545547000980697
218,2.1825726141078836,16,0.0045375730023032934,-0.4216425476299536,0.03982107030079341,0.0022687865011516463,60,452,482,526,3.2859746759605963,-1.906983546463132,-1.906983546463132,0.3155700945192709,0.3155700945192709
219,2.1093394077448746,14,0.004815843396677796,-0.40545655278365683,0.0372080870039213,0.002407921698338898,61,415,439,463,2.9324347332725584,-1.7265373695505093,-1.7265373695505093,0.3299502147789267,0.3299502147789267
220,2.115740740740741,14,0.004908911231417033,-0.4205135565381961,0.04166823562200131,0.0024544556157085158,59,403,432,457,3.1166468431540086,-2.2212958032949555,-1.2735865463887657,0.32729499563130543,0.32729499563130543
221,2.1226415094339623,13,0.005018065034122842,-0.4397418665137958,0.0423292555758014,0.002509032517061421,53,397,424,450,2.973301461203494,-2.5586694866181383,-0.4077413794776358,-0.4077413794776358,0.17758216063742854
222,2.140625,13,0.005589099216710182,-0.4232737939710517,0.028948056199409353,0.0027945496083550915,45,355,384,411,3.04460628817834,-2.773309242088924,-0.27870987057941554,-0.27870987057941554,0.09956872622019222
223,2.109289617486339,12,0.005778875664346133,-0.409364189894765,0.03037973494003743,0.002889437832173067,49,342,366,386,2.78824542930742,-2.5376052472382606,-0.2889062570038594,-0.2889062570038594,0.16358616596928172
224,2.089385474860335,12,0.005852620377760041,-0.39323537264060315,0.027233204561586188,0.002926310188880021,45,334,358,374,2.710811122133071,-2.4638849632561604,-1.0000000000000004,1.0000000000000002,-0.28737838419607914
225,2.1651917404129795,14,0.006405892723115324,-0.3986675669200289,0.03991911747779389,0.0032029463615576618,44,312,339,367,2.6907321493533614,-1.8797400733680805,1.0000000000000002,-0.9999999999999998,-0.5980901440499284
226,2.1969230769230768,13,0.006780626780626782,-0.43923732725556924,0.029298143139017473,0.0033903133903133904,39,300,325,357,2.6618443207606943,-1.5633414764117282,-1.5633414764117282,0.9999999999999996,-0.9999999999999994
227,2.2119205298013247,13,0.00734857318870872,-0.46407946917302745,0.029741514146555802,0.0036742865943543597,33,285,302,334,2.2564039339790414,-1.468877873023136,-1.468877873023136,-0.9999999999999999,0.9999999999999994
228,2.198581560283688,14,0.007824133666489992,-0.4729618995170631,0.025985509603507782,0.003912066833244996,36,264,282,310,2.4160970096722814,-1.4851069677056408,-1.4851069677056408,1.0,-0.9999999999999998
229,2.182509505703422,12,0.0083301889530665,-0.4528663112052591,0.02456038815052124,0.004165094476533248,35,248,263,287,2.34582628532006,-1.4614427747808558,-1.4614427747808558,0.28852963212082505,0.28852963212082505
230,2.2142857142857144,13,0.007936507936507936,-0.4568337268272819,0.02481144424553038,0.003968253968253968,34,261,280,310,2.5111712979396836,-1.4723629716986246,-1.4723629716986246,0.21677732272878236,0.21677732272878236
231,2.267148014440433,13,0.008214304400146496,-0.49444374739395225,0.032339156517856876,0.004107152200073249,32,258,277,314,2.417919807750855,-1.354440992103207,-1.354440992103207,0.14548108822777867,0.14548108822777867
232,2.189090909090909,11,0.007989382879893828,-0.48248908966451964,0.034843070328364444,0.003994691439946915,34,257,275,301,2.348739467983555,-1.210940297078734,-1.210940297078734,0.03657056308695672,0.03657056308695672
233,2.339350180505415,14,0.008475906451106578,-0.5210520338916331,0.03819920705890392,0.004237953225553289,27,235,277,324,2.941837349084481,-1.5096813398425586,-1.5096813398425586,0.15148304340105842,0.15148304340105842
234,2.332179930795848,13,0.008097846981930027,-0.4971753316864608,0.05725655241432429,0.004048923490965014,29,242,289,337,2.9524265118227913,-1.5399139204619317,-1.5399139204619317,0.15681071772796157,0.15681071772796157
235,2.3629893238434163,13,0.008439247585155059,-0.4918886773553687,0.06901275406206729,0.004219623792577529,24,238,281,332,2.945400505898561,-1.6250710488899331,-1.6250710488899331,0.21665969897707532,0.21665969897707532
236,2.418118466898955,13,0.00845495967447187,-0.519411491796283,0.08040865152720086,0.004227479837235935,22,242,287,347,3.0867987055124226,-1.751862777515998,-1.751862777515998,0.2649751163211126,0.2649751163211126
237,2.392405063291139,14,0.007594936708860759,-0.5231076572971834,0.05949052892651278,0.0037974683544303796,27,262,316,378,3.0813700274290388,-1.96725664177539,-1.96725664177539,-0.999999999999999,0.9921148060596005
238,2.412121212121212,14,0.0073316754167817985,-0.5129179593154156,0.0635515085571586,0.0036658377083908997,30,270,330,398,3.1420695122900297,-1.9082152265194101,-1.9082152265194101,-0.9999999999999997,0.9866458659620762
239,2.3391812865497075,12,0.00685976916876747,-0.5149759205988699,0.03906005007910559,0.0034298845843837356,33,293,342,400,3.040468396506057,-1.7360614181888399,-1.7360614181888399,-1.0000000000000018,0.9834036408974525
240,2.372093023255814,11,0.007906976744186046,-0.5229635587817969,0.06044288828372619,0.003953488372093023,33,256,301,357,2.996072992620131,-2.015701316083404,-1.2160152203650394,-1.0000000000000013,0.9802517135672736
241,2.3680555555555554,12,0.008251064653503677,-0.5371258472537,0.06549010756700188,0.004125532326751839,28,252,288,341,2.914798161285067,-1.9926986237457665,-1.101317815831958,-0.9999999999999994,0.977083630159885
242,2.3228070175438598,10,0.008178897949098096,-0.5222549148382267,0.055063995580238834,0.004089448974549049,29,252,285,331,2.9802860493949774,-2.4304773339875103,-1.0,0.989427978895012,-0.6822688928375594
243,2.3131672597864767,11,0.00826131164209456,-0.5230834147469104,0.04993643170720113,0.00413065582104728,29,251,281,325,3.0197492773267145,-2.6355043121811046,-1.0000000000000002,0.9909557003389033,-0.5038893269039093
244,2.2904564315352696,11,0.009543568464730291,-0.5145490861617031,0.0651646013709149,0.004771784232365146,21,221,241,276,2.8265035834707293,-2.584259061851951,-0.3922025443764361,0.07128904087676396,0.07128904087676396
245,2.1826923076923075,10,0.010544407283537716,-0.4801456493104295,0.07552280526689234,0.005272203641768859,21,197,208,227,2.3257375900684183,-2.1205592191730798,-0.5173421789029286,0.15608190400379507,0.15608190400379507
246,2.207920792079208,10,0.010984680557608,-0.48761978909979214,0.0876516528290489,0.005492340278804,20,190,202,223,2.4331406162149554,-2.25009966177861,-0.5408347433037193,0.17889689443368695,0.17889689443368695
247,2.253393665158371,11,0.010242698477992597,-0.4791282896292844,0.06322721305091766,0.0051213492389962974,20,210,221,249,2.2813288568697434,-1.916669881882683,-0.6690361429862778,0.15218858399960902,0.15218858399960902
248,2.260869565217391,11,0.010975094976783452,-0.4899651842177221,0.0,0.005487547488391726,21,197,207,234,2.146054816509588,-2.1460548165095865,1.8041124150158794e-16,1.8041124150158794e-16,0.0
249,2.2653061224489797,12,0.011616954474097331,-0.4798511681560688,0.0,0.005808477237048666,21,185,196,222,2.1460548165095847,-2.1460548165095847,1.0,-1.0,-2.2204460492503128e-16
250,2.317948717948718,12,0.011948189267776896,-0.4959978856596665,0.00887074487074487,0.005974094633888448,20,184,195,226,2.0750195374599754,-1.904391603820174,-1.0,0.9999999999999999,-0.4760808432654867
251,2.3137254901960786,13,0.011397662513281172,-0.5068089527185149,0.02113262554439025,0.005698831256640587,23,189,204,236,2.3749456452138737,-1.4833559961535998,-1.4833559961535998,1.0,-1.0
252,2.2445414847161573,12,0.009844480196123497,-0.49596925136573994,0.01878628381501284,0.004922240098061748,27,212,229,257,2.5024880245471275,-1.5553937313342052,-1.5553937313342052,1.0,-1.0
253,2.203252032520325,11,0.00899286543885847,-0.4860409263279442,0.014725044603093382,0.004496432719429235,30,230,246,271,2.4105105195536614,-1.4741408328063834,-1.4741408328063834,1.0000000000000002,-1.0000000000000002
254,2.0987654320987654,11,0.008672584430160188,-0.45062430449902774,0.01068998396413608,0.004336292215080094,36,227,243,255,2.3476916755437416,-1.4368212316101943,-1.4368212316101943,-0.9999999999999999,0.9999999999999996
255,2.064516129032258,12,0.007426317010907402,-0.43194566908058774,0.008026206922345139,0.0037131585054537017,44,260,279,288,2.545222124209058,-1.974533512670953,-1.0000000000000002,1.0,-1.0
256,2.0804597701149423,14,0.005995561297161217,-0.4263865734836914,0.012707257759731522,0.0029977806485806087,60,325,348,362,2.8268544922873673,-1.781815645548001,-1.781815645548001,0.3683883994043167,0.3683883994043167
257,2.0469973890339426,12,0.005358631908465818,-0.4121552286487842,0.008493911613841177,0.002679315954232909,68,346,383,392,2.93730698061092,-1.8067425184052497,-1.8067425184052497,0.2878848933330745,0.2878848933330745
258,2.0488997555012225,13,0.005021813126228486,-0.38941319283687387,0.00723279601642466,0.0025109065631142434,73,365,409,419,2.892550116902428,-1.9324710504432159,-1.4806462350474037,0.2311502214808459,0.2311502214808459
259,2.085714285714286,12,0.00497783839072622,-0.40742966151516735,0.007831527080420784,0.0024889191953631094,75,376,420,438,3.0363453111446166,-2.2299178883096675,-1.2180400687867223,0.2319484886749688,0.2319484886749688
260,2.100418410041841,15,0.004403392893169478,-0.4976306486730563,0.005791813845304176,0.002201696446584739,74,434,478,502,3.0929255748148594,-1.8304182961797522,-1.8304182961797522,0.3236345927502672,0.3236345927502672
261,2.104201680672269,15,0.0035424270718388356,-0.525796351582501,0.0029690729290302725,0.0017712135359194182,68,548,595,626,3.151281745685417,-1.9999999999999973,-1.7847205807814006,0.3613921811578684,0.3613921811578684
262,2.0395738203957383,17,0.003109106433530089,-0.515227193011219,0.010442363725965768,0.0015545532167650445,76,609,657,670,3.3615167451197703,-2.0787669935164415,-2.0787669935164415,0.44353718237659795,0.44353718237659795
263,2.003012048192771,16,0.003021134310999655,-0.48961653747115236,0.007518828964057564,0.0015105671554998274,72,617,664,665,3.413463034279868,-2.0584632430941587,-2.0584632430941587,0.3821515676163987,0.3821515676163987
264,2.0207407407407407,15,0.00299813166282009,-0.4902347439478679,0.014016985472673606,0.0014990658314100451,75,626,675,682,3.4768933516433393,-2.269865229510355,-2.269865229510355,0.5398008711058189,0.5398008711058189
265,2.081578947368421,16,0.002742528257402399,-0.5482122880820437,0.02013350129191822,0.0013712641287011997,72,707,760,791,3.619818015019229,-2.2939969520642665,-2.2939969520642665,0.5635022967873762,0.5635022967873762
266,2.087005649717514,17,0.0011797657714626981,-0.5446111301990625,0.008549448952761305,0.0005898828857313494,70,1684,1770,1847,4.474199773335037,-2.7266348029286087,-2.7266348029286087,0.5870586866913059,0.5870586866913059
267,2.0793739519284515,17,0.0011629608232262033,-0.5271373235742717,0.008854102093000062,0.0005814804116131017,81,1698,1789,1860,4.575949711873189,-2.7716524015077812,-2.7716524015077812,-1.0000000000000009,1.0000000000000004
